﻿<?xml version="1.0" encoding="utf-8"?>
<deployment>
  <id>88a46ad5-9152-4179-9446-76a424cbd4be</id>
  <author>N/A</author>
  <deployer>OneDeploy</deployer>
  <authorEmail>N/A</authorEmail>
  <message>OneDeploy</message>
  <progress></progress>
  <status>Success</status>
  <statusText></statusText>
  <lastSuccessEndTime>2025-07-24T19:15:40.1911301Z</lastSuccessEndTime>
  <receivedTime>2025-07-24T19:15:32.3563175Z</receivedTime>
  <startTime>2025-07-24T19:15:33.6437658Z</startTime>
  <endTime>2025-07-24T19:15:40.1911301Z</endTime>
  <complete>True</complete>
  <is_temp>False</is_temp>
  <is_readonly>True</is_readonly>
  <buildSummary />
</deployment>