﻿<?xml version="1.0" encoding="utf-8"?>
<deployment>
  <id>a38e0e23-0aab-4f93-86d7-566f9c0e047d</id>
  <author>N/A</author>
  <deployer>OneDeploy</deployer>
  <authorEmail>N/A</authorEmail>
  <message>OneDeploy</message>
  <progress></progress>
  <status>Success</status>
  <statusText></statusText>
  <lastSuccessEndTime>2025-07-25T16:10:06.7815267Z</lastSuccessEndTime>
  <receivedTime>2025-07-25T16:09:56.9248803Z</receivedTime>
  <startTime>2025-07-25T16:09:58.2205664Z</startTime>
  <endTime>2025-07-25T16:10:06.7815267Z</endTime>
  <complete>True</complete>
  <is_temp>False</is_temp>
  <is_readonly>True</is_readonly>
  <buildSummary />
</deployment>