﻿<?xml version="1.0" encoding="utf-8"?>
<deployment>
  <id>ba927a24-1b10-4f95-930c-9b91c408c2ca</id>
  <author>N/A</author>
  <deployer>OneDeploy</deployer>
  <authorEmail>N/A</authorEmail>
  <message>OneDeploy</message>
  <progress></progress>
  <status>Success</status>
  <statusText></statusText>
  <lastSuccessEndTime>2025-07-24T16:34:11.490559Z</lastSuccessEndTime>
  <receivedTime>2025-07-24T16:34:03.9671394Z</receivedTime>
  <startTime>2025-07-24T16:34:05.2300095Z</startTime>
  <endTime>2025-07-24T16:34:11.490559Z</endTime>
  <complete>True</complete>
  <is_temp>False</is_temp>
  <is_readonly>True</is_readonly>
  <buildSummary />
</deployment>