<step title="BackgroundTrace" date="2025-07-24T03:33:51.876" instance="5a3444" url="/api/publish" method="POST" >
  <step title="Cleanup Xml Logs" date="2025-07-24T03:33:51.881" /><!-- duration: 3ms -->
  <step title="Creating temporary deployment - FetchDeploymentManager" date="2025-07-24T03:33:51.917" /><!-- duration: 1ms -->
  <step title="Creating temporary deployment" date="2025-07-24T03:33:51.919" /><!-- duration: 45ms -->
  <step title="Performing fetch based deployment" date="2025-07-24T03:33:51.987" >
    <step title="Cleaning up temp folders from previous zip deployments and extracting pushed zip file /tmp/zipdeploy/e23e091d-d273-4252-92ab-48866f14ae48.zip (34.32 MB) to /tmp/zipdeploy/extracted" date="2025-07-24T03:33:53.165" >
      <step title="ChmodRecursive Process exited with total time taken in ms: 21" date="2025-07-24T03:33:53.648" /><!-- duration: 1ms -->
    </step><!-- duration: 486ms -->
    <step title="Deployment timer started" date="2025-07-24T03:33:55.663" >
      <step title="DeploymentManager.Deploy(id:c234bd41-88e3-47a0-94f1-761a5b660a4a)" date="2025-07-24T03:33:55.666" >
        <step title="Collecting changeset information" date="2025-07-24T03:33:55.674" /><!-- duration: 92ms -->
        <step title="Updating submodules" date="2025-07-24T03:33:55.769" /><!-- duration: 1102ms -->
        <step title="Determining deployment builder" date="2025-07-24T03:33:57.058" >
          <step title="Builder is OneDeployBuilder" date="2025-07-24T03:33:57.067" /><!-- duration: 1ms -->
        </step><!-- duration: 12ms -->
        <step title="PreDeployment: context.CleanOutputPath False" date="2025-07-24T03:33:57.104" >
          <step title="PreDeployment: context.OutputPath /home/site/wwwroot" date="2025-07-24T03:33:57.202" >
            <step title="Building" date="2025-07-24T03:33:57.329" >
              <step title="Executing external process" date="2025-07-24T03:33:57.645" type="process" path="starter.sh" arguments="/opt/Kudu/Scripts/parallel_rsync.sh /tmp/zipdeploy/extracted /home/site/wwwroot 8 /tmp/ False False  " /><!-- duration: 4594ms -->
              <step title="Modified file to trigger a restart of the app container." date="2025-07-24T03:34:02.557" /><!-- duration: 1ms -->
              <step title="Skip function trigger and logicapp sync because function is not enabled." date="2025-07-24T03:34:02.559" /><!-- duration: 5ms -->
            </step><!-- duration: 5907ms -->
          </step><!-- duration: 6037ms -->
          <step title="Cleaning up temp files" date="2025-07-24T03:34:03.241" /><!-- duration: 2ms -->
          <step title="Cleaning up temp files" date="2025-07-24T03:34:03.251" /><!-- duration: 509ms -->
          <step title="Reloading status file with latest updates" date="2025-07-24T03:34:03.775" >
            <step title="WebHooksManager.PublishEventAsync: PostDeployment" date="2025-07-24T03:34:03.776" /><!-- duration: 24ms -->
          </step><!-- duration: 27ms -->
          <step title="Cleaning up temporary deployment - fetch deployment was successful" date="2025-07-24T03:34:03.804" /><!-- duration: 1ms -->
        </step><!-- duration: 6828ms -->
      </step><!-- duration: 8276ms -->
