<step title="BackgroundTrace" date="2025-07-24T13:16:23.933" instance="5a3444" url="/api/publish" method="POST" >
  <step title="Cleanup Xml Logs" date="2025-07-24T13:16:23.953" /><!-- duration: 4ms -->
  <step title="Creating temporary deployment - FetchDeploymentManager" date="2025-07-24T13:16:23.993" /><!-- duration: 2ms -->
  <step title="Creating temporary deployment" date="2025-07-24T13:16:23.999" /><!-- duration: 70ms -->
  <step title="Performing fetch based deployment" date="2025-07-24T13:16:24.094" >
    <step title="Cleaning up temp folders from previous zip deployments and extracting pushed zip file /tmp/zipdeploy/64fabc99-b118-40b6-a2d8-668413eda1f8.zip (34.31 MB) to /tmp/zipdeploy/extracted" date="2025-07-24T13:16:25.255" >
      <step title="ChmodRecursive Process exited with total time taken in ms: 16" date="2025-07-24T13:16:25.727" /><!-- duration: 1ms -->
    </step><!-- duration: 475ms -->
    <step title="Deployment timer started" date="2025-07-24T13:16:27.739" >
      <step title="DeploymentManager.Deploy(id:d8649275-2e2b-479d-87de-c3189334d774)" date="2025-07-24T13:16:27.742" >
        <step title="Collecting changeset information" date="2025-07-24T13:16:27.755" /><!-- duration: 97ms -->
        <step title="Updating submodules" date="2025-07-24T13:16:27.855" /><!-- duration: 1093ms -->
        <step title="Determining deployment builder" date="2025-07-24T13:16:29.140" >
          <step title="Builder is OneDeployBuilder" date="2025-07-24T13:16:29.153" /><!-- duration: 2ms -->
        </step><!-- duration: 16ms -->
        <step title="PreDeployment: context.CleanOutputPath False" date="2025-07-24T13:16:29.187" >
          <step title="PreDeployment: context.OutputPath /home/site/wwwroot" date="2025-07-24T13:16:29.282" >
            <step title="Building" date="2025-07-24T13:16:29.403" >
              <step title="Executing external process" date="2025-07-24T13:16:29.785" type="process" path="starter.sh" arguments="/opt/Kudu/Scripts/parallel_rsync.sh /tmp/zipdeploy/extracted /home/site/wwwroot 8 /tmp/ False False  " /><!-- duration: 6758ms -->
              <step title="Modified file to trigger a restart of the app container." date="2025-07-24T13:16:36.884" /><!-- duration: 1ms -->
              <step title="Skip function trigger and logicapp sync because function is not enabled." date="2025-07-24T13:16:36.887" /><!-- duration: 5ms -->
            </step><!-- duration: 8457ms -->
          </step><!-- duration: 8592ms -->
          <step title="Cleaning up temp files" date="2025-07-24T13:16:37.877" /><!-- duration: 3ms -->
          <step title="Cleaning up temp files" date="2025-07-24T13:16:37.885" /><!-- duration: 503ms -->
          <step title="Reloading status file with latest updates" date="2025-07-24T13:16:38.418" >
            <step title="WebHooksManager.PublishEventAsync: PostDeployment" date="2025-07-24T13:16:38.421" /><!-- duration: 43ms -->
          </step><!-- duration: 47ms -->
          <step title="Cleaning up temporary deployment - fetch deployment was successful" date="2025-07-24T13:16:38.467" /><!-- duration: 1ms -->
        </step><!-- duration: 9400ms -->
      </step><!-- duration: 10852ms -->
