<step title="BackgroundTrace" date="2025-07-24T04:00:38.959" instance="5a3444" url="/api/publish" method="POST" >
  <step title="Cleanup Xml Logs" date="2025-07-24T04:00:38.961" /><!-- duration: 3ms -->
  <step title="Creating temporary deployment - FetchDeploymentManager" date="2025-07-24T04:00:39.000" /><!-- duration: 1ms -->
  <step title="Creating temporary deployment" date="2025-07-24T04:00:39.002" /><!-- duration: 102ms -->
  <step title="Performing fetch based deployment" date="2025-07-24T04:00:39.120" >
    <step title="Cleaning up temp folders from previous zip deployments and extracting pushed zip file /tmp/zipdeploy/e2334885-070b-41a3-9e7b-3a0e9a3bea5b.zip (34.32 MB) to /tmp/zipdeploy/extracted" date="2025-07-24T04:00:40.243" >
      <step title="ChmodRecursive Process exited with total time taken in ms: 13" date="2025-07-24T04:00:40.724" /><!-- duration: 2ms -->
    </step><!-- duration: 484ms -->
    <step title="Deployment timer started" date="2025-07-24T04:00:42.735" >
      <step title="DeploymentManager.Deploy(id:305ea49e-34af-4b58-8015-ffa9a36e2436)" date="2025-07-24T04:00:42.738" >
        <step title="Collecting changeset information" date="2025-07-24T04:00:42.744" /><!-- duration: 82ms -->
        <step title="Updating submodules" date="2025-07-24T04:00:42.828" /><!-- duration: 1120ms -->
        <step title="Determining deployment builder" date="2025-07-24T04:00:44.150" >
          <step title="Builder is OneDeployBuilder" date="2025-07-24T04:00:44.158" /><!-- duration: 1ms -->
        </step><!-- duration: 10ms -->
        <step title="PreDeployment: context.CleanOutputPath False" date="2025-07-24T04:00:44.194" >
          <step title="PreDeployment: context.OutputPath /home/site/wwwroot" date="2025-07-24T04:00:44.306" >
            <step title="Building" date="2025-07-24T04:00:44.417" >
              <step title="Executing external process" date="2025-07-24T04:00:44.778" type="process" path="starter.sh" arguments="/opt/Kudu/Scripts/parallel_rsync.sh /tmp/zipdeploy/extracted /home/site/wwwroot 8 /tmp/ False False  " /><!-- duration: 4604ms -->
              <step title="Modified file to trigger a restart of the app container." date="2025-07-24T04:00:49.702" /><!-- duration: 2ms -->
              <step title="Skip function trigger and logicapp sync because function is not enabled." date="2025-07-24T04:00:49.705" /><!-- duration: 2ms -->
            </step><!-- duration: 6064ms -->
          </step><!-- duration: 6183ms -->
          <step title="Cleaning up temp files" date="2025-07-24T04:00:50.490" /><!-- duration: 2ms -->
          <step title="Cleaning up temp files" date="2025-07-24T04:00:50.508" /><!-- duration: 502ms -->
          <step title="Reloading status file with latest updates" date="2025-07-24T04:00:51.028" >
            <step title="WebHooksManager.PublishEventAsync: PostDeployment" date="2025-07-24T04:00:51.029" /><!-- duration: 22ms -->
          </step><!-- duration: 26ms -->
          <step title="Cleaning up temporary deployment - fetch deployment was successful" date="2025-07-24T04:00:51.057" /><!-- duration: 2ms -->
        </step><!-- duration: 6949ms -->
      </step><!-- duration: 8415ms -->
