<step title="Incoming Request" date="2025-07-25T16:09:50.004" instance="5a3444" url="/api/publish?async=true&amp;deployer=GITHUB_ONE_DEPLOY&amp;type=zip&amp;message=%7B%22type%22%3A%22deployment%22%2C%22sha%22%3A%221f5a4fb4fb644b272c888d143862204e15fbf01c%22%2C%22repoName%22%3A%22ti5fradema%2Fdotnetbackend%22%2C%22actor%22%3A%22ti5fradema%22%2C%22slotName%22%3A%22Production%22%2C%22commitMessage%22%3A%22ajuste%20atualiza%C3%A7%C3%A3o%20contratos%22%7D" method="POST" type="request" pid="821,1,76" Host="fradema-backend-api-crguetd0f7gth9e3.scm.brazilsouth-01.azurewebsites.net" User-Agent="GITHUBACTIONS_DeployWebAppToAzure_1b8b54719132ce29413f4e5fc2eb3c3506c904d155f96f70d2dfa14bcd382c80" Authorization="Bea..." Content-Type="application/octet-stream" Cookie="ARRAffinity=5a344463a661cb069c77718e17cbda0d74e5d2718efd75f81da553772423fb97;Path=/;HttpOnly;Secure;Domain=fradema-backend-api-crguetd0f7gth9e3.scm.brazilsouth-01.azurewebsites.net; ARRAffinitySameSite=5a344463a661cb069c77718e17cbda0d74e5d2718efd75f81da553772423fb97;Path=/;HttpOnly;SameSite=None;Secure;Domain=fradema-backend-api-crguetd0f7gth9e3.scm.brazilsouth-01.azurewebsites.net" Transfer-Encoding="chunked" X-ARR-LOG-ID="9400b9d2-c6f4-44bd-b496-92cb915834a1" CLIENT-IP="52.160.166.66:33808" X-SITE-DEPLOYMENT-ID="fradema-backend-api" WAS-DEFAULT-HOSTNAME="fradema-backend-api-crguetd0f7gth9e3.scm.brazilsouth-01.azurewebsites.net" X-Forwarded-Proto="https" X-AppService-Proto="https" X-Forwarded-TlsVersion="1.3" X-WAWS-Unencoded-URL="/api/publish?async=true&amp;deployer=GITHUB_ONE_DEPLOY&amp;type=zip&amp;message=%7B%22type%22%3A%22deployment%22%2C%22sha%22%3A%221f5a4fb4fb644b272c888d143862204e15fbf01c%22%2C%22repoName%22%3A%22ti5fradema%2Fdotnetbackend%22%2C%22actor%22%3A%22ti5fradema%22%2C%22slotName%22%3A%22Production%22%2C%22commitMessage%22%3A%22ajuste%20atualiza%C3%A7%C3%A3o%20contratos%22%7D" X-Client-IP="52.160.166.66" X-Client-Port="33808" >
  <step title="OneDeploy" date="2025-07-25T16:09:50.083" >
    <step title="Starting PushDeployAsync" date="2025-07-25T16:09:50.087" /><!-- duration: 1ms -->
    <step title="Writing artifact to /tmp/zipdeploy/e04a9848-fd29-4c7c-a27d-1dbda0992ffd.zip" date="2025-07-25T16:09:50.095" >
      <step title="Writing multipart request body to /tmp/zipdeploy/e04a9848-fd29-4c7c-a27d-1dbda0992ffd.zip" date="2025-07-25T16:09:50.096" /><!-- duration: 6ms -->
    </step><!-- duration: 2754ms -->
    <step title="Start deployment in the background" date="2025-07-25T16:09:52.856" >
      <step title="Acquiring Deployment Lock" date="2025-07-25T16:09:52.901" /><!-- duration: 1ms -->
      <step title="Acquired Deployment Lock" date="2025-07-25T16:09:52.945" /><!-- duration: 1ms -->
    </step><!-- duration: 204ms -->
  </step><!-- duration: 2990ms -->
  <step title="Outgoing response" date="2025-07-25T16:09:53.075" type="response" statusCode="202" statusText="Accepted" /><!-- duration: 4ms -->
</step><!-- duration: 3077ms -->
