<step title="Incoming Request" date="2025-07-25T16:49:47.283" instance="5a3444" url="/api/publish?async=true&amp;deployer=GITHUB_ONE_DEPLOY&amp;type=zip&amp;message=%7B%22type%22%3A%22deployment%22%2C%22sha%22%3A%22b4dd1d04c71f069fe9b082dda41eeaa771f619f5%22%2C%22repoName%22%3A%22ti5fradema%2Fdotnetbackend%22%2C%22actor%22%3A%22ti5fradema%22%2C%22slotName%22%3A%22Production%22%2C%22commitMessage%22%3A%22deploy%20cache%20contratos%22%7D" method="POST" type="request" pid="821,1,51" Host="fradema-backend-api-crguetd0f7gth9e3.scm.brazilsouth-01.azurewebsites.net" User-Agent="GITHUBACTIONS_DeployWebAppToAzure_1b8b54719132ce29413f4e5fc2eb3c3506c904d155f96f70d2dfa14bcd382c80" Authorization="Bea..." Content-Type="application/octet-stream" Cookie="ARRAffinity=5a344463a661cb069c77718e17cbda0d74e5d2718efd75f81da553772423fb97;Path=/;HttpOnly;Secure;Domain=fradema-backend-api-crguetd0f7gth9e3.scm.brazilsouth-01.azurewebsites.net; ARRAffinitySameSite=5a344463a661cb069c77718e17cbda0d74e5d2718efd75f81da553772423fb97;Path=/;HttpOnly;SameSite=None;Secure;Domain=fradema-backend-api-crguetd0f7gth9e3.scm.brazilsouth-01.azurewebsites.net" Transfer-Encoding="chunked" X-ARR-LOG-ID="480e79c8-8999-4f49-bed3-f5f2f0c51e5c" CLIENT-IP="74.235.126.81:35776" X-SITE-DEPLOYMENT-ID="fradema-backend-api" WAS-DEFAULT-HOSTNAME="fradema-backend-api-crguetd0f7gth9e3.scm.brazilsouth-01.azurewebsites.net" X-Forwarded-Proto="https" X-AppService-Proto="https" X-Forwarded-TlsVersion="1.3" X-WAWS-Unencoded-URL="/api/publish?async=true&amp;deployer=GITHUB_ONE_DEPLOY&amp;type=zip&amp;message=%7B%22type%22%3A%22deployment%22%2C%22sha%22%3A%22b4dd1d04c71f069fe9b082dda41eeaa771f619f5%22%2C%22repoName%22%3A%22ti5fradema%2Fdotnetbackend%22%2C%22actor%22%3A%22ti5fradema%22%2C%22slotName%22%3A%22Production%22%2C%22commitMessage%22%3A%22deploy%20cache%20contratos%22%7D" X-Client-IP="74.235.126.81" X-Client-Port="35776" >
  <step title="OneDeploy" date="2025-07-25T16:49:47.290" >
    <step title="Starting PushDeployAsync" date="2025-07-25T16:49:47.293" /><!-- duration: 1ms -->
    <step title="Writing artifact to /tmp/zipdeploy/e29a2f59-802b-4806-bb8d-f8e70bb651a4.zip" date="2025-07-25T16:49:47.300" >
      <step title="Writing multipart request body to /tmp/zipdeploy/e29a2f59-802b-4806-bb8d-f8e70bb651a4.zip" date="2025-07-25T16:49:47.301" /><!-- duration: 1ms -->
    </step><!-- duration: 4451ms -->
    <step title="Start deployment in the background" date="2025-07-25T16:49:51.759" >
      <step title="Acquiring Deployment Lock" date="2025-07-25T16:49:51.801" /><!-- duration: 2ms -->
      <step title="Acquired Deployment Lock" date="2025-07-25T16:49:51.825" /><!-- duration: 2ms -->
    </step><!-- duration: 130ms -->
  </step><!-- duration: 4603ms -->
  <step title="Outgoing response" date="2025-07-25T16:49:51.896" type="response" statusCode="202" statusText="Accepted" /><!-- duration: 2ms -->
</step><!-- duration: 4617ms -->
