<step title="BackgroundTrace" date="2025-07-23T17:18:12.174" instance="5a3444" url="/api/publish" method="POST" >
  <step title="Cleanup Xml Logs" date="2025-07-23T17:18:12.191" /><!-- duration: 5ms -->
  <step title="Creating temporary deployment - FetchDeploymentManager" date="2025-07-23T17:18:12.226" /><!-- duration: 1ms -->
  <step title="Creating temporary deployment" date="2025-07-23T17:18:12.229" /><!-- duration: 92ms -->
  <step title="Performing fetch based deployment" date="2025-07-23T17:18:12.344" >
    <step title="Cleaning up temp folders from previous zip deployments and extracting pushed zip file /tmp/zipdeploy/66df8791-aa72-4127-b99d-ddd4970849b7.zip (34.31 MB) to /tmp/zipdeploy/extracted" date="2025-07-23T17:18:13.513" >
      <step title="ChmodRecursive Process exited with total time taken in ms: 23" date="2025-07-23T17:18:14.003" /><!-- duration: 1ms -->
    </step><!-- duration: 513ms -->
    <step title="Deployment timer started" date="2025-07-23T17:18:16.032" >
      <step title="DeploymentManager.Deploy(id:626e29ae-40fe-4cec-a3f1-1e1dc157a292)" date="2025-07-23T17:18:16.038" >
        <step title="Collecting changeset information" date="2025-07-23T17:18:16.060" /><!-- duration: 71ms -->
        <step title="Updating submodules" date="2025-07-23T17:18:16.134" /><!-- duration: 1126ms -->
        <step title="Determining deployment builder" date="2025-07-23T17:18:17.456" >
          <step title="Builder is OneDeployBuilder" date="2025-07-23T17:18:17.466" /><!-- duration: 2ms -->
        </step><!-- duration: 14ms -->
        <step title="PreDeployment: context.CleanOutputPath False" date="2025-07-23T17:18:17.499" >
          <step title="PreDeployment: context.OutputPath /home/site/wwwroot" date="2025-07-23T17:18:17.607" >
            <step title="Building" date="2025-07-23T17:18:17.739" >
              <step title="Executing external process" date="2025-07-23T17:18:18.090" type="process" path="starter.sh" arguments="/opt/Kudu/Scripts/parallel_rsync.sh /tmp/zipdeploy/extracted /home/site/wwwroot 8 /tmp/ False False  " /><!-- duration: 6704ms -->
              <step title="Modified file to trigger a restart of the app container." date="2025-07-23T17:18:25.229" /><!-- duration: 2ms -->
              <step title="Skip function trigger and logicapp sync because function is not enabled." date="2025-07-23T17:18:25.251" /><!-- duration: 1ms -->
            </step><!-- duration: 8099ms -->
          </step><!-- duration: 8237ms -->
          <step title="Cleaning up temp files" date="2025-07-23T17:18:25.845" /><!-- duration: 2ms -->
          <step title="Cleaning up temp files" date="2025-07-23T17:18:25.856" /><!-- duration: 502ms -->
          <step title="Reloading status file with latest updates" date="2025-07-23T17:18:26.390" >
            <step title="WebHooksManager.PublishEventAsync: PostDeployment" date="2025-07-23T17:18:26.392" /><!-- duration: 38ms -->
          </step><!-- duration: 43ms -->
          <step title="Cleaning up temporary deployment - fetch deployment was successful" date="2025-07-23T17:18:26.436" /><!-- duration: 2ms -->
        </step><!-- duration: 9010ms -->
      </step><!-- duration: 10479ms -->
