<step title="BackgroundTrace" date="2025-08-03T01:54:41.714" instance="5a3444" url="/api/publish" method="POST" >
  <step title="Cleanup Xml Logs" date="2025-08-03T01:54:41.720" /><!-- duration: 6ms -->
  <step title="Creating temporary deployment - FetchDeploymentManager" date="2025-08-03T01:54:41.779" /><!-- duration: 2ms -->
  <step title="Creating temporary deployment" date="2025-08-03T01:54:41.784" /><!-- duration: 92ms -->
  <step title="Performing fetch based deployment" date="2025-08-03T01:54:41.926" >
    <step title="Cleaning up temp folders from previous zip deployments and extracting pushed zip file /tmp/zipdeploy/e0bbf149-85e6-4b16-b5a7-b2c60247bf87.zip (34.43 MB) to /tmp/zipdeploy/extracted" date="2025-08-03T01:54:43.167" >
      <step title="ChmodRecursive Process exited with total time taken in ms: 34" date="2025-08-03T01:54:43.814" /><!-- duration: 6ms -->
    </step><!-- duration: 656ms -->
    <step title="Deployment timer started" date="2025-08-03T01:54:45.839" >
      <step title="DeploymentManager.Deploy(id:09a13bb1-6ce6-417a-81d3-32ce64fc8aca)" date="2025-08-03T01:54:45.852" >
        <step title="Collecting changeset information" date="2025-08-03T01:54:45.874" /><!-- duration: 97ms -->
        <step title="Updating submodules" date="2025-08-03T01:54:45.977" /><!-- duration: 1133ms -->
        <step title="Determining deployment builder" date="2025-08-03T01:54:47.316" >
          <step title="Builder is OneDeployBuilder" date="2025-08-03T01:54:47.332" /><!-- duration: 3ms -->
        </step><!-- duration: 23ms -->
        <step title="PreDeployment: context.CleanOutputPath False" date="2025-08-03T01:54:47.385" >
          <step title="PreDeployment: context.OutputPath /home/site/wwwroot" date="2025-08-03T01:54:47.507" >
            <step title="Building" date="2025-08-03T01:54:47.680" >
              <step title="Executing external process" date="2025-08-03T01:54:48.131" type="process" path="starter.sh" arguments="/opt/Kudu/Scripts/parallel_rsync.sh /tmp/zipdeploy/extracted /home/site/wwwroot 8 /tmp/ False False  " /><!-- duration: 8093ms -->
              <step title="Modified file to trigger a restart of the app container." date="2025-08-03T01:54:56.622" /><!-- duration: 3ms -->
              <step title="Skip function trigger and logicapp sync because function is not enabled." date="2025-08-03T01:54:56.629" /><!-- duration: 2ms -->
              <step title="Purge deployment items" date="2025-08-03T01:54:57.637" >
                <step title="Remove a0ac0904-, Success, received at 07/24/2025 15:25:21" date="2025-08-03T01:54:57.710" /><!-- duration: 5ms -->
              </step><!-- duration: 81ms -->
            </step><!-- duration: 10102ms -->
          </step><!-- duration: 10281ms -->
          <step title="Cleaning up temp files" date="2025-08-03T01:54:57.791" /><!-- duration: 4ms -->
          <step title="Cleaning up temp files" date="2025-08-03T01:54:57.804" /><!-- duration: 504ms -->
          <step title="Reloading status file with latest updates" date="2025-08-03T01:54:58.880" >
            <step title="WebHooksManager.PublishEventAsync: PostDeployment" date="2025-08-03T01:54:58.885" /><!-- duration: 46ms -->
          </step><!-- duration: 54ms -->
          <step title="Cleaning up temporary deployment - fetch deployment was successful" date="2025-08-03T01:54:58.938" /><!-- duration: 2ms -->
        </step><!-- duration: 11605ms -->
      </step><!-- duration: 13154ms -->
