<step title="Incoming Request" date="2025-07-24T16:45:14.909" instance="5a3444" url="/api/publish?async=true&amp;deployer=GITHUB_ONE_DEPLOY&amp;type=zip&amp;message=%7B%22type%22%3A%22deployment%22%2C%22sha%22%3A%22b5a94a40b0dbd1fceaa2324a5d3a6b987afab081%22%2C%22repoName%22%3A%22ti5fradema%2Fdotnetbackend%22%2C%22actor%22%3A%22ti5fradema%22%2C%22slotName%22%3A%22Production%22%2C%22commitMessage%22%3A%22deploy%22%7D" method="POST" type="request" pid="821,1,79" Host="fradema-backend-api-crguetd0f7gth9e3.scm.brazilsouth-01.azurewebsites.net" User-Agent="GITHUBACTIONS_DeployWebAppToAzure_1b8b54719132ce29413f4e5fc2eb3c3506c904d155f96f70d2dfa14bcd382c80" Authorization="Bea..." Content-Type="application/octet-stream" Cookie="ARRAffinity=5a344463a661cb069c77718e17cbda0d74e5d2718efd75f81da553772423fb97;Path=/;HttpOnly;Secure;Domain=fradema-backend-api-crguetd0f7gth9e3.scm.brazilsouth-01.azurewebsites.net; ARRAffinitySameSite=5a344463a661cb069c77718e17cbda0d74e5d2718efd75f81da553772423fb97;Path=/;HttpOnly;SameSite=None;Secure;Domain=fradema-backend-api-crguetd0f7gth9e3.scm.brazilsouth-01.azurewebsites.net" Transfer-Encoding="chunked" X-ARR-LOG-ID="ed1309ba-ed2f-4d81-8e05-01c7ae7697a8" CLIENT-IP="20.55.214.116:9216" X-SITE-DEPLOYMENT-ID="fradema-backend-api" WAS-DEFAULT-HOSTNAME="fradema-backend-api-crguetd0f7gth9e3.scm.brazilsouth-01.azurewebsites.net" X-Forwarded-Proto="https" X-AppService-Proto="https" X-Forwarded-TlsVersion="1.3" X-WAWS-Unencoded-URL="/api/publish?async=true&amp;deployer=GITHUB_ONE_DEPLOY&amp;type=zip&amp;message=%7B%22type%22%3A%22deployment%22%2C%22sha%22%3A%22b5a94a40b0dbd1fceaa2324a5d3a6b987afab081%22%2C%22repoName%22%3A%22ti5fradema%2Fdotnetbackend%22%2C%22actor%22%3A%22ti5fradema%22%2C%22slotName%22%3A%22Production%22%2C%22commitMessage%22%3A%22deploy%22%7D" X-Client-IP="20.55.214.116" X-Client-Port="9216" >
  <step title="OneDeploy" date="2025-07-24T16:45:14.914" >
    <step title="Starting PushDeployAsync" date="2025-07-24T16:45:14.921" /><!-- duration: 1ms -->
    <step title="Writing artifact to /tmp/zipdeploy/ff4eeb6b-4359-463f-b33b-9b0380a0e1e1.zip" date="2025-07-24T16:45:14.924" >
      <step title="Writing multipart request body to /tmp/zipdeploy/ff4eeb6b-4359-463f-b33b-9b0380a0e1e1.zip" date="2025-07-24T16:45:14.928" /><!-- duration: 1ms -->
    </step><!-- duration: 1890ms -->
    <step title="Start deployment in the background" date="2025-07-24T16:45:16.823" >
      <step title="Acquiring Deployment Lock" date="2025-07-24T16:45:16.836" /><!-- duration: 1ms -->
      <step title="Acquired Deployment Lock" date="2025-07-24T16:45:16.859" /><!-- duration: 1ms -->
    </step><!-- duration: 114ms -->
  </step><!-- duration: 2025ms -->
  <step title="Outgoing response" date="2025-07-24T16:45:16.941" type="response" statusCode="202" statusText="Accepted" /><!-- duration: 2ms -->
</step><!-- duration: 2035ms -->
