<step title="Incoming Request" date="2025-07-24T15:25:15.645" instance="5a3444" url="/api/publish?async=true&amp;deployer=GITHUB_ONE_DEPLOY&amp;type=zip&amp;message=%7B%22type%22%3A%22deployment%22%2C%22sha%22%3A%228d1aa275135ce31b789c9926b918770082f6d5ef%22%2C%22repoName%22%3A%22ti5fradema%2Fdotnetbackend%22%2C%22actor%22%3A%22ti5fradema%22%2C%22slotName%22%3A%22Production%22%2C%22commitMessage%22%3A%22back%22%7D" method="POST" type="request" pid="821,1,26" Host="fradema-backend-api-crguetd0f7gth9e3.scm.brazilsouth-01.azurewebsites.net" User-Agent="GITHUBACTIONS_DeployWebAppToAzure_1b8b54719132ce29413f4e5fc2eb3c3506c904d155f96f70d2dfa14bcd382c80" Authorization="Bea..." Content-Type="application/octet-stream" Cookie="ARRAffinity=5a344463a661cb069c77718e17cbda0d74e5d2718efd75f81da553772423fb97;Path=/;HttpOnly;Secure;Domain=fradema-backend-api-crguetd0f7gth9e3.scm.brazilsouth-01.azurewebsites.net; ARRAffinitySameSite=5a344463a661cb069c77718e17cbda0d74e5d2718efd75f81da553772423fb97;Path=/;HttpOnly;SameSite=None;Secure;Domain=fradema-backend-api-crguetd0f7gth9e3.scm.brazilsouth-01.azurewebsites.net" Transfer-Encoding="chunked" X-ARR-LOG-ID="37575421-3785-4d2f-bdcd-96de6f4b7e9c" CLIENT-IP="145.132.100.82:52160" X-SITE-DEPLOYMENT-ID="fradema-backend-api" WAS-DEFAULT-HOSTNAME="fradema-backend-api-crguetd0f7gth9e3.scm.brazilsouth-01.azurewebsites.net" X-Forwarded-Proto="https" X-AppService-Proto="https" X-Forwarded-TlsVersion="1.3" X-WAWS-Unencoded-URL="/api/publish?async=true&amp;deployer=GITHUB_ONE_DEPLOY&amp;type=zip&amp;message=%7B%22type%22%3A%22deployment%22%2C%22sha%22%3A%228d1aa275135ce31b789c9926b918770082f6d5ef%22%2C%22repoName%22%3A%22ti5fradema%2Fdotnetbackend%22%2C%22actor%22%3A%22ti5fradema%22%2C%22slotName%22%3A%22Production%22%2C%22commitMessage%22%3A%22back%22%7D" X-Client-IP="145.132.100.82" X-Client-Port="52160" >
  <step title="OneDeploy" date="2025-07-24T15:25:15.679" >
    <step title="Starting PushDeployAsync" date="2025-07-24T15:25:15.684" /><!-- duration: 1ms -->
    <step title="Writing artifact to /tmp/zipdeploy/16bfe9bb-6b20-4540-a7d6-af24088bf63c.zip" date="2025-07-24T15:25:15.691" >
      <step title="Writing multipart request body to /tmp/zipdeploy/16bfe9bb-6b20-4540-a7d6-af24088bf63c.zip" date="2025-07-24T15:25:15.692" /><!-- duration: 6ms -->
    </step><!-- duration: 1696ms -->
    <step title="Start deployment in the background" date="2025-07-24T15:25:17.396" >
      <step title="Acquiring Deployment Lock" date="2025-07-24T15:25:17.414" /><!-- duration: 1ms -->
      <step title="Acquired Deployment Lock" date="2025-07-24T15:25:17.439" /><!-- duration: 2ms -->
    </step><!-- duration: 185ms -->
  </step><!-- duration: 1906ms -->
  <step title="Outgoing response" date="2025-07-24T15:25:17.587" type="response" statusCode="202" statusText="Accepted" /><!-- duration: 2ms -->
</step><!-- duration: 1945ms -->
