<step title="Incoming Request" date="2025-07-24T04:00:37.220" instance="5a3444" url="/api/publish?async=true&amp;deployer=GITHUB_ONE_DEPLOY&amp;type=zip&amp;message=%7B%22type%22%3A%22deployment%22%2C%22sha%22%3A%22c92b000ade420e82bae5baa462c1b25f30dd5273%22%2C%22repoName%22%3A%22ti5fradema%2Fdotnetbackend%22%2C%22actor%22%3A%22ti5fradema%22%2C%22slotName%22%3A%22Production%22%2C%22commitMessage%22%3A%22...%22%7D" method="POST" type="request" pid="820,1,65" Host="fradema-backend-api-crguetd0f7gth9e3.scm.brazilsouth-01.azurewebsites.net" User-Agent="GITHUBACTIONS_DeployWebAppToAzure_1b8b54719132ce29413f4e5fc2eb3c3506c904d155f96f70d2dfa14bcd382c80" Authorization="Bea..." Content-Type="application/octet-stream" Cookie="ARRAffinity=5a344463a661cb069c77718e17cbda0d74e5d2718efd75f81da553772423fb97;Path=/;HttpOnly;Secure;Domain=fradema-backend-api-crguetd0f7gth9e3.scm.brazilsouth-01.azurewebsites.net; ARRAffinitySameSite=5a344463a661cb069c77718e17cbda0d74e5d2718efd75f81da553772423fb97;Path=/;HttpOnly;SameSite=None;Secure;Domain=fradema-backend-api-crguetd0f7gth9e3.scm.brazilsouth-01.azurewebsites.net" Transfer-Encoding="chunked" X-ARR-LOG-ID="cea9dd92-ff0e-48a1-bae4-f9d55c78b0f3" CLIENT-IP="68.154.118.241:2048" X-SITE-DEPLOYMENT-ID="fradema-backend-api" WAS-DEFAULT-HOSTNAME="fradema-backend-api-crguetd0f7gth9e3.scm.brazilsouth-01.azurewebsites.net" X-Forwarded-Proto="https" X-AppService-Proto="https" X-Forwarded-TlsVersion="1.3" X-WAWS-Unencoded-URL="/api/publish?async=true&amp;deployer=GITHUB_ONE_DEPLOY&amp;type=zip&amp;message=%7B%22type%22%3A%22deployment%22%2C%22sha%22%3A%22c92b000ade420e82bae5baa462c1b25f30dd5273%22%2C%22repoName%22%3A%22ti5fradema%2Fdotnetbackend%22%2C%22actor%22%3A%22ti5fradema%22%2C%22slotName%22%3A%22Production%22%2C%22commitMessage%22%3A%22...%22%7D" X-Client-IP="68.154.118.241" X-Client-Port="2048" >
  <step title="OneDeploy" date="2025-07-24T04:00:37.240" >
    <step title="Starting PushDeployAsync" date="2025-07-24T04:00:37.246" /><!-- duration: 25ms -->
    <step title="Writing artifact to /tmp/zipdeploy/e2334885-070b-41a3-9e7b-3a0e9a3bea5b.zip" date="2025-07-24T04:00:37.279" >
      <step title="Writing multipart request body to /tmp/zipdeploy/e2334885-070b-41a3-9e7b-3a0e9a3bea5b.zip" date="2025-07-24T04:00:37.280" /><!-- duration: 5ms -->
    </step><!-- duration: 1672ms -->
    <step title="Start deployment in the background" date="2025-07-24T04:00:38.957" >
      <step title="Acquiring Deployment Lock" date="2025-07-24T04:00:38.977" /><!-- duration: 1ms -->
      <step title="Acquired Deployment Lock" date="2025-07-24T04:00:38.997" /><!-- duration: 2ms -->
    </step><!-- duration: 148ms -->
  </step><!-- duration: 1866ms -->
  <step title="Outgoing response" date="2025-07-24T04:00:39.108" type="response" statusCode="202" statusText="Accepted" /><!-- duration: 1ms -->
</step><!-- duration: 1890ms -->
