<step title="Incoming Request" date="2025-07-24T03:33:49.766" instance="5a3444" url="/api/publish?async=true&amp;deployer=GITHUB_ONE_DEPLOY&amp;type=zip&amp;message=%7B%22type%22%3A%22deployment%22%2C%22sha%22%3A%22c59589d2ce00f9a421cd1a7d0808ff1ef920a93c%22%2C%22repoName%22%3A%22ti5fradema%2Fdotnetbackend%22%2C%22actor%22%3A%22ti5fradema%22%2C%22slotName%22%3A%22Production%22%2C%22commitMessage%22%3A%22....%22%7D" method="POST" type="request" pid="820,1,45" Host="fradema-backend-api-crguetd0f7gth9e3.scm.brazilsouth-01.azurewebsites.net" User-Agent="GITHUBACTIONS_DeployWebAppToAzure_1b8b54719132ce29413f4e5fc2eb3c3506c904d155f96f70d2dfa14bcd382c80" Authorization="Bea..." Content-Type="application/octet-stream" Cookie="ARRAffinity=5a344463a661cb069c77718e17cbda0d74e5d2718efd75f81da553772423fb97;Path=/;HttpOnly;Secure;Domain=fradema-backend-api-crguetd0f7gth9e3.scm.brazilsouth-01.azurewebsites.net; ARRAffinitySameSite=5a344463a661cb069c77718e17cbda0d74e5d2718efd75f81da553772423fb97;Path=/;HttpOnly;SameSite=None;Secure;Domain=fradema-backend-api-crguetd0f7gth9e3.scm.brazilsouth-01.azurewebsites.net" Transfer-Encoding="chunked" X-ARR-LOG-ID="91070553-c46b-4021-bf2d-59463e0c76d2" CLIENT-IP="20.98.18.64:58304" X-SITE-DEPLOYMENT-ID="fradema-backend-api" WAS-DEFAULT-HOSTNAME="fradema-backend-api-crguetd0f7gth9e3.scm.brazilsouth-01.azurewebsites.net" X-Forwarded-Proto="https" X-AppService-Proto="https" X-Forwarded-TlsVersion="1.3" X-WAWS-Unencoded-URL="/api/publish?async=true&amp;deployer=GITHUB_ONE_DEPLOY&amp;type=zip&amp;message=%7B%22type%22%3A%22deployment%22%2C%22sha%22%3A%22c59589d2ce00f9a421cd1a7d0808ff1ef920a93c%22%2C%22repoName%22%3A%22ti5fradema%2Fdotnetbackend%22%2C%22actor%22%3A%22ti5fradema%22%2C%22slotName%22%3A%22Production%22%2C%22commitMessage%22%3A%22....%22%7D" X-Client-IP="20.98.18.64" X-Client-Port="58304" >
  <step title="OneDeploy" date="2025-07-24T03:33:49.770" >
    <step title="Starting PushDeployAsync" date="2025-07-24T03:33:49.772" /><!-- duration: 1ms -->
    <step title="Writing artifact to /tmp/zipdeploy/e23e091d-d273-4252-92ab-48866f14ae48.zip" date="2025-07-24T03:33:49.779" >
      <step title="Writing multipart request body to /tmp/zipdeploy/e23e091d-d273-4252-92ab-48866f14ae48.zip" date="2025-07-24T03:33:49.780" /><!-- duration: 6ms -->
    </step><!-- duration: 2089ms -->
    <step title="Start deployment in the background" date="2025-07-24T03:33:51.875" >
      <step title="Acquiring Deployment Lock" date="2025-07-24T03:33:51.891" /><!-- duration: 1ms -->
      <step title="Acquired Deployment Lock" date="2025-07-24T03:33:51.915" /><!-- duration: 1ms -->
    </step><!-- duration: 91ms -->
  </step><!-- duration: 2197ms -->
  <step title="Outgoing response" date="2025-07-24T03:33:51.969" type="response" statusCode="202" statusText="Accepted" /><!-- duration: 1ms -->
</step><!-- duration: 2206ms -->
