<step title="Incoming Request" date="2025-07-24T19:15:26.684" instance="5a3444" url="/api/publish?async=true&amp;deployer=GITHUB_ONE_DEPLOY&amp;type=zip&amp;message=%7B%22type%22%3A%22deployment%22%2C%22sha%22%3A%2213bd37b09c6f5a391db814735a35a0e6df2f4816%22%2C%22repoName%22%3A%22ti5fradema%2Fdotnetbackend%22%2C%22actor%22%3A%22ti5fradema%22%2C%22slotName%22%3A%22Production%22%2C%22commitMessage%22%3A%22ajuste%20CORS%22%7D" method="POST" type="request" pid="821,1,78" Host="fradema-backend-api-crguetd0f7gth9e3.scm.brazilsouth-01.azurewebsites.net" User-Agent="GITHUBACTIONS_DeployWebAppToAzure_1b8b54719132ce29413f4e5fc2eb3c3506c904d155f96f70d2dfa14bcd382c80" Authorization="Bea..." Content-Type="application/octet-stream" Cookie="ARRAffinity=5a344463a661cb069c77718e17cbda0d74e5d2718efd75f81da553772423fb97;Path=/;HttpOnly;Secure;Domain=fradema-backend-api-crguetd0f7gth9e3.scm.brazilsouth-01.azurewebsites.net; ARRAffinitySameSite=5a344463a661cb069c77718e17cbda0d74e5d2718efd75f81da553772423fb97;Path=/;HttpOnly;SameSite=None;Secure;Domain=fradema-backend-api-crguetd0f7gth9e3.scm.brazilsouth-01.azurewebsites.net" Transfer-Encoding="chunked" X-ARR-LOG-ID="d485efb4-bd91-40ab-bd5c-3858073c35f7" CLIENT-IP="40.76.191.164:4096" X-SITE-DEPLOYMENT-ID="fradema-backend-api" WAS-DEFAULT-HOSTNAME="fradema-backend-api-crguetd0f7gth9e3.scm.brazilsouth-01.azurewebsites.net" X-Forwarded-Proto="https" X-AppService-Proto="https" X-Forwarded-TlsVersion="1.3" X-WAWS-Unencoded-URL="/api/publish?async=true&amp;deployer=GITHUB_ONE_DEPLOY&amp;type=zip&amp;message=%7B%22type%22%3A%22deployment%22%2C%22sha%22%3A%2213bd37b09c6f5a391db814735a35a0e6df2f4816%22%2C%22repoName%22%3A%22ti5fradema%2Fdotnetbackend%22%2C%22actor%22%3A%22ti5fradema%22%2C%22slotName%22%3A%22Production%22%2C%22commitMessage%22%3A%22ajuste%20CORS%22%7D" X-Client-IP="40.76.191.164" X-Client-Port="4096" >
  <step title="OneDeploy" date="2025-07-24T19:15:26.700" >
    <step title="Starting PushDeployAsync" date="2025-07-24T19:15:26.702" /><!-- duration: 1ms -->
    <step title="Writing artifact to /tmp/zipdeploy/f55bc934-fc82-4a5d-8cac-3a01fd61217d.zip" date="2025-07-24T19:15:26.709" >
      <step title="Writing multipart request body to /tmp/zipdeploy/f55bc934-fc82-4a5d-8cac-3a01fd61217d.zip" date="2025-07-24T19:15:26.717" /><!-- duration: 1ms -->
    </step><!-- duration: 1882ms -->
    <step title="Start deployment in the background" date="2025-07-24T19:15:28.598" >
      <step title="Acquiring Deployment Lock" date="2025-07-24T19:15:28.614" /><!-- duration: 1ms -->
      <step title="Acquired Deployment Lock" date="2025-07-24T19:15:28.643" /><!-- duration: 1ms -->
    </step><!-- duration: 100ms -->
  </step><!-- duration: 2000ms -->
  <step title="Outgoing response" date="2025-07-24T19:15:28.701" type="response" statusCode="202" statusText="Accepted" /><!-- duration: 2ms -->
</step><!-- duration: 2020ms -->
