<step title="Incoming Request" date="2025-07-24T03:23:28.154" instance="5a3444" url="/api/publish?async=true&amp;deployer=GITHUB_ONE_DEPLOY&amp;type=zip&amp;message=%7B%22type%22%3A%22deployment%22%2C%22sha%22%3A%222df463da9f596494e3dcf97122ac3c177adc6290%22%2C%22repoName%22%3A%22ti5fradema%2Fdotnetbackend%22%2C%22actor%22%3A%22ti5fradema%22%2C%22slotName%22%3A%22Production%22%2C%22commitMessage%22%3A%22program%22%7D" method="POST" type="request" pid="820,1,35" Host="fradema-backend-api-crguetd0f7gth9e3.scm.brazilsouth-01.azurewebsites.net" User-Agent="GITHUBACTIONS_DeployWebAppToAzure_1b8b54719132ce29413f4e5fc2eb3c3506c904d155f96f70d2dfa14bcd382c80" Authorization="Bea..." Content-Type="application/octet-stream" Cookie="ARRAffinity=5a344463a661cb069c77718e17cbda0d74e5d2718efd75f81da553772423fb97;Path=/;HttpOnly;Secure;Domain=fradema-backend-api-crguetd0f7gth9e3.scm.brazilsouth-01.azurewebsites.net; ARRAffinitySameSite=5a344463a661cb069c77718e17cbda0d74e5d2718efd75f81da553772423fb97;Path=/;HttpOnly;SameSite=None;Secure;Domain=fradema-backend-api-crguetd0f7gth9e3.scm.brazilsouth-01.azurewebsites.net" Transfer-Encoding="chunked" X-ARR-LOG-ID="63c50f32-7d1b-48e8-8c76-d283cd0fdddd" CLIENT-IP="68.220.62.146:7184" X-SITE-DEPLOYMENT-ID="fradema-backend-api" WAS-DEFAULT-HOSTNAME="fradema-backend-api-crguetd0f7gth9e3.scm.brazilsouth-01.azurewebsites.net" X-Forwarded-Proto="https" X-AppService-Proto="https" X-Forwarded-TlsVersion="1.3" X-WAWS-Unencoded-URL="/api/publish?async=true&amp;deployer=GITHUB_ONE_DEPLOY&amp;type=zip&amp;message=%7B%22type%22%3A%22deployment%22%2C%22sha%22%3A%222df463da9f596494e3dcf97122ac3c177adc6290%22%2C%22repoName%22%3A%22ti5fradema%2Fdotnetbackend%22%2C%22actor%22%3A%22ti5fradema%22%2C%22slotName%22%3A%22Production%22%2C%22commitMessage%22%3A%22program%22%7D" X-Client-IP="68.220.62.146" X-Client-Port="7184" >
  <step title="OneDeploy" date="2025-07-24T03:23:28.166" >
    <step title="Starting PushDeployAsync" date="2025-07-24T03:23:28.170" /><!-- duration: 1ms -->
    <step title="Writing artifact to /tmp/zipdeploy/b9dfbbe8-31a5-4a97-85c9-8d7b5b560dc4.zip" date="2025-07-24T03:23:28.177" >
      <step title="Writing multipart request body to /tmp/zipdeploy/b9dfbbe8-31a5-4a97-85c9-8d7b5b560dc4.zip" date="2025-07-24T03:23:28.178" /><!-- duration: 6ms -->
    </step><!-- duration: 2670ms -->
    <step title="Start deployment in the background" date="2025-07-24T03:23:30.854" >
      <step title="Acquiring Deployment Lock" date="2025-07-24T03:23:30.881" /><!-- duration: 2ms -->
      <step title="Acquired Deployment Lock" date="2025-07-24T03:23:30.912" /><!-- duration: 1ms -->
    </step><!-- duration: 163ms -->
  </step><!-- duration: 2859ms -->
  <step title="Outgoing response" date="2025-07-24T03:23:31.027" type="response" statusCode="202" statusText="Accepted" /><!-- duration: 1ms -->
</step><!-- duration: 2875ms -->
