<step title="BackgroundTrace" date="2025-07-28T17:31:01.881" instance="5a3444" url="/api/publish" method="POST" >
  <step title="Cleanup Xml Logs" date="2025-07-28T17:31:01.882" /><!-- duration: 3ms -->
  <step title="Creating temporary deployment - FetchDeploymentManager" date="2025-07-28T17:31:01.918" /><!-- duration: 1ms -->
  <step title="Creating temporary deployment" date="2025-07-28T17:31:01.920" /><!-- duration: 131ms -->
  <step title="Performing fetch based deployment" date="2025-07-28T17:31:02.077" >
    <step title="Cleaning up temp folders from previous zip deployments and extracting pushed zip file /tmp/zipdeploy/4805cc60-8942-4b4c-9d33-d7155f5b282e.zip (34.32 MB) to /tmp/zipdeploy/extracted" date="2025-07-28T17:31:03.215" >
      <step title="ChmodRecursive Process exited with total time taken in ms: 19" date="2025-07-28T17:31:03.716" /><!-- duration: 2ms -->
    </step><!-- duration: 504ms -->
    <step title="Deployment timer started" date="2025-07-28T17:31:05.727" >
      <step title="DeploymentManager.Deploy(id:9e6227b6-4fcd-4d7c-bccf-8e41088804a1)" date="2025-07-28T17:31:05.730" >
        <step title="Collecting changeset information" date="2025-07-28T17:31:05.750" /><!-- duration: 93ms -->
        <step title="Updating submodules" date="2025-07-28T17:31:05.846" /><!-- duration: 1102ms -->
        <step title="Determining deployment builder" date="2025-07-28T17:31:07.128" >
          <step title="Builder is OneDeployBuilder" date="2025-07-28T17:31:07.140" /><!-- duration: 1ms -->
        </step><!-- duration: 14ms -->
        <step title="PreDeployment: context.CleanOutputPath False" date="2025-07-28T17:31:07.170" >
          <step title="PreDeployment: context.OutputPath /home/site/wwwroot" date="2025-07-28T17:31:07.246" >
            <step title="Building" date="2025-07-28T17:31:07.333" >
              <step title="Executing external process" date="2025-07-28T17:31:07.751" type="process" path="starter.sh" arguments="/opt/Kudu/Scripts/parallel_rsync.sh /tmp/zipdeploy/extracted /home/site/wwwroot 8 /tmp/ False False  " /><!-- duration: 6091ms -->
              <step title="Modified file to trigger a restart of the app container." date="2025-07-28T17:31:14.129" /><!-- duration: 1ms -->
              <step title="Skip function trigger and logicapp sync because function is not enabled." date="2025-07-28T17:31:14.137" /><!-- duration: 1ms -->
              <step title="Purge deployment items" date="2025-07-28T17:31:14.991" >
                <step title="Remove d8649275-, Success, received at 07/24/2025 13:16:27" date="2025-07-28T17:31:15.032" /><!-- duration: 2ms -->
              </step><!-- duration: 54ms -->
            </step><!-- duration: 7778ms -->
          </step><!-- duration: 7874ms -->
          <step title="Cleaning up temp files" date="2025-07-28T17:31:15.122" /><!-- duration: 2ms -->
          <step title="Cleaning up temp files" date="2025-07-28T17:31:15.130" /><!-- duration: 534ms -->
          <step title="Reloading status file with latest updates" date="2025-07-28T17:31:15.692" >
            <step title="WebHooksManager.PublishEventAsync: PostDeployment" date="2025-07-28T17:31:15.695" /><!-- duration: 37ms -->
          </step><!-- duration: 41ms -->
          <step title="Cleaning up temporary deployment - fetch deployment was successful" date="2025-07-28T17:31:15.736" /><!-- duration: 1ms -->
        </step><!-- duration: 8632ms -->
      </step><!-- duration: 10087ms -->
