<step title="Incoming Request" date="2025-07-24T16:33:58.374" instance="5a3444" url="/api/publish?async=true&amp;deployer=GITHUB_ONE_DEPLOY&amp;type=zip&amp;message=%7B%22type%22%3A%22deployment%22%2C%22sha%22%3A%22b0723f8d3081ea50813801c15f375a962536a523%22%2C%22repoName%22%3A%22ti5fradema%2Fdotnetbackend%22%2C%22actor%22%3A%22ti5fradema%22%2C%22slotName%22%3A%22Production%22%2C%22commitMessage%22%3A%22deploy%22%7D" method="POST" type="request" pid="821,1,67" Host="fradema-backend-api-crguetd0f7gth9e3.scm.brazilsouth-01.azurewebsites.net" User-Agent="GITHUBACTIONS_DeployWebAppToAzure_1b8b54719132ce29413f4e5fc2eb3c3506c904d155f96f70d2dfa14bcd382c80" Authorization="Bea..." Content-Type="application/octet-stream" Cookie="ARRAffinity=5a344463a661cb069c77718e17cbda0d74e5d2718efd75f81da553772423fb97;Path=/;HttpOnly;Secure;Domain=fradema-backend-api-crguetd0f7gth9e3.scm.brazilsouth-01.azurewebsites.net; ARRAffinitySameSite=5a344463a661cb069c77718e17cbda0d74e5d2718efd75f81da553772423fb97;Path=/;HttpOnly;SameSite=None;Secure;Domain=fradema-backend-api-crguetd0f7gth9e3.scm.brazilsouth-01.azurewebsites.net" Transfer-Encoding="chunked" X-ARR-LOG-ID="28ec1ade-8ed8-4089-93bf-baf6f40c5a5a" CLIENT-IP="48.214.55.55:16440" X-SITE-DEPLOYMENT-ID="fradema-backend-api" WAS-DEFAULT-HOSTNAME="fradema-backend-api-crguetd0f7gth9e3.scm.brazilsouth-01.azurewebsites.net" X-Forwarded-Proto="https" X-AppService-Proto="https" X-Forwarded-TlsVersion="1.3" X-WAWS-Unencoded-URL="/api/publish?async=true&amp;deployer=GITHUB_ONE_DEPLOY&amp;type=zip&amp;message=%7B%22type%22%3A%22deployment%22%2C%22sha%22%3A%22b0723f8d3081ea50813801c15f375a962536a523%22%2C%22repoName%22%3A%22ti5fradema%2Fdotnetbackend%22%2C%22actor%22%3A%22ti5fradema%22%2C%22slotName%22%3A%22Production%22%2C%22commitMessage%22%3A%22deploy%22%7D" X-Client-IP="48.214.55.55" X-Client-Port="16440" >
  <step title="OneDeploy" date="2025-07-24T16:33:58.381" >
    <step title="Starting PushDeployAsync" date="2025-07-24T16:33:58.383" /><!-- duration: 1ms -->
    <step title="Writing artifact to /tmp/zipdeploy/fd57d065-688e-4b04-a5b7-6ef417bbe4b0.zip" date="2025-07-24T16:33:58.390" >
      <step title="Writing multipart request body to /tmp/zipdeploy/fd57d065-688e-4b04-a5b7-6ef417bbe4b0.zip" date="2025-07-24T16:33:58.391" /><!-- duration: 6ms -->
    </step><!-- duration: 1788ms -->
    <step title="Start deployment in the background" date="2025-07-24T16:34:00.185" >
      <step title="Acquiring Deployment Lock" date="2025-07-24T16:34:00.208" /><!-- duration: 1ms -->
      <step title="Acquired Deployment Lock" date="2025-07-24T16:34:00.228" /><!-- duration: 1ms -->
    </step><!-- duration: 98ms -->
  </step><!-- duration: 1904ms -->
  <step title="Outgoing response" date="2025-07-24T16:34:00.286" type="response" statusCode="202" statusText="Accepted" /><!-- duration: 1ms -->
</step><!-- duration: 1914ms -->
