<step title="BackgroundTrace" date="2025-07-25T16:49:51.785" instance="5a3444" url="/api/publish" method="POST" >
  <step title="Cleanup Xml Logs" date="2025-07-25T16:49:51.794" /><!-- duration: 4ms -->
  <step title="Creating temporary deployment - FetchDeploymentManager" date="2025-07-25T16:49:51.828" /><!-- duration: 1ms -->
  <step title="Creating temporary deployment" date="2025-07-25T16:49:51.831" /><!-- duration: 56ms -->
  <step title="Performing fetch based deployment" date="2025-07-25T16:49:51.910" >
    <step title="Cleaning up temp folders from previous zip deployments and extracting pushed zip file /tmp/zipdeploy/e29a2f59-802b-4806-bb8d-f8e70bb651a4.zip (34.32 MB) to /tmp/zipdeploy/extracted" date="2025-07-25T16:49:53.062" >
      <step title="ChmodRecursive Process exited with total time taken in ms: 24" date="2025-07-25T16:49:53.576" /><!-- duration: 1ms -->
    </step><!-- duration: 517ms -->
    <step title="Deployment timer started" date="2025-07-25T16:49:55.585" >
      <step title="DeploymentManager.Deploy(id:d3179b49-3c1a-4782-b82b-030076b185c2)" date="2025-07-25T16:49:55.588" >
        <step title="Collecting changeset information" date="2025-07-25T16:49:55.596" /><!-- duration: 64ms -->
        <step title="Updating submodules" date="2025-07-25T16:49:55.663" /><!-- duration: 1093ms -->
        <step title="Determining deployment builder" date="2025-07-25T16:49:56.948" >
          <step title="Builder is OneDeployBuilder" date="2025-07-25T16:49:56.960" /><!-- duration: 2ms -->
        </step><!-- duration: 17ms -->
        <step title="PreDeployment: context.CleanOutputPath False" date="2025-07-25T16:49:57.001" >
          <step title="PreDeployment: context.OutputPath /home/site/wwwroot" date="2025-07-25T16:49:57.084" >
            <step title="Building" date="2025-07-25T16:49:57.199" >
              <step title="Executing external process" date="2025-07-25T16:49:57.570" type="process" path="starter.sh" arguments="/opt/Kudu/Scripts/parallel_rsync.sh /tmp/zipdeploy/extracted /home/site/wwwroot 8 /tmp/ False False  " /><!-- duration: 4826ms -->
              <step title="Modified file to trigger a restart of the app container." date="2025-07-25T16:50:02.730" /><!-- duration: 2ms -->
              <step title="Skip function trigger and logicapp sync because function is not enabled." date="2025-07-25T16:50:02.733" /><!-- duration: 7ms -->
              <step title="Purge deployment items" date="2025-07-25T16:50:03.516" >
                <step title="Remove 305ea49e-, Success, received at 07/24/2025 04:00:42" date="2025-07-25T16:50:03.599" /><!-- duration: 1ms -->
              </step><!-- duration: 86ms -->
            </step><!-- duration: 6463ms -->
          </step><!-- duration: 6583ms -->
          <step title="Cleaning up temp files" date="2025-07-25T16:50:03.668" /><!-- duration: 4ms -->
          <step title="Cleaning up temp files" date="2025-07-25T16:50:03.695" /><!-- duration: 511ms -->
          <step title="Reloading status file with latest updates" date="2025-07-25T16:50:04.246" >
            <step title="WebHooksManager.PublishEventAsync: PostDeployment" date="2025-07-25T16:50:04.248" /><!-- duration: 25ms -->
          </step><!-- duration: 28ms -->
          <step title="Cleaning up temporary deployment - fetch deployment was successful" date="2025-07-25T16:50:04.283" /><!-- duration: 1ms -->
        </step><!-- duration: 7345ms -->
      </step><!-- duration: 8765ms -->
