<step title="BackgroundTrace" date="2025-07-24T19:15:28.600" instance="5a3444" url="/api/publish" method="POST" >
  <step title="Cleanup Xml Logs" date="2025-07-24T19:15:28.607" /><!-- duration: 3ms -->
  <step title="Creating temporary deployment - FetchDeploymentManager" date="2025-07-24T19:15:28.646" /><!-- duration: 1ms -->
  <step title="Creating temporary deployment" date="2025-07-24T19:15:28.648" /><!-- duration: 48ms -->
  <step title="Performing fetch based deployment" date="2025-07-24T19:15:28.712" >
    <step title="Cleaning up temp folders from previous zip deployments and extracting pushed zip file /tmp/zipdeploy/f55bc934-fc82-4a5d-8cac-3a01fd61217d.zip (34.46 MB) to /tmp/zipdeploy/extracted" date="2025-07-24T19:15:29.823" >
      <step title="ChmodRecursive Process exited with total time taken in ms: 15" date="2025-07-24T19:15:30.316" /><!-- duration: 2ms -->
    </step><!-- duration: 496ms -->
    <step title="Deployment timer started" date="2025-07-24T19:15:32.329" >
      <step title="DeploymentManager.Deploy(id:88a46ad5-9152-4179-9446-76a424cbd4be)" date="2025-07-24T19:15:32.332" >
        <step title="Collecting changeset information" date="2025-07-24T19:15:32.338" /><!-- duration: 94ms -->
        <step title="Updating submodules" date="2025-07-24T19:15:32.435" /><!-- duration: 1085ms -->
        <step title="Determining deployment builder" date="2025-07-24T19:15:33.705" >
          <step title="Builder is OneDeployBuilder" date="2025-07-24T19:15:33.711" /><!-- duration: 1ms -->
        </step><!-- duration: 8ms -->
        <step title="PreDeployment: context.CleanOutputPath False" date="2025-07-24T19:15:33.746" >
          <step title="PreDeployment: context.OutputPath /home/site/wwwroot" date="2025-07-24T19:15:33.837" >
            <step title="Building" date="2025-07-24T19:15:33.958" >
              <step title="Executing external process" date="2025-07-24T19:15:34.314" type="process" path="starter.sh" arguments="/opt/Kudu/Scripts/parallel_rsync.sh /tmp/zipdeploy/extracted /home/site/wwwroot 8 /tmp/ False False  " /><!-- duration: 5230ms -->
              <step title="Modified file to trigger a restart of the app container." date="2025-07-24T19:15:39.857" /><!-- duration: 2ms -->
              <step title="Skip function trigger and logicapp sync because function is not enabled." date="2025-07-24T19:15:39.860" /><!-- duration: 1ms -->
              <step title="Purge deployment items" date="2025-07-24T19:15:40.708" >
                <step title="Remove 3af4374e-, Success, received at 07/24/2025 01:16:51" date="2025-07-24T19:15:40.794" /><!-- duration: 1ms -->
              </step><!-- duration: 89ms -->
            </step><!-- duration: 6909ms -->
          </step><!-- duration: 7040ms -->
          <step title="Cleaning up temp files" date="2025-07-24T19:15:40.881" /><!-- duration: 14ms -->
          <step title="Cleaning up temp files" date="2025-07-24T19:15:40.903" /><!-- duration: 506ms -->
          <step title="Reloading status file with latest updates" date="2025-07-24T19:15:41.440" >
            <step title="WebHooksManager.PublishEventAsync: PostDeployment" date="2025-07-24T19:15:41.442" /><!-- duration: 34ms -->
          </step><!-- duration: 38ms -->
          <step title="Cleaning up temporary deployment - fetch deployment was successful" date="2025-07-24T19:15:41.486" /><!-- duration: 1ms -->
        </step><!-- duration: 7834ms -->
      </step><!-- duration: 9269ms -->
