<step title="Incoming Request" date="2025-07-24T01:16:45.436" instance="5a3444" url="/api/publish?async=true&amp;deployer=GITHUB_ONE_DEPLOY&amp;type=zip&amp;message=%7B%22type%22%3A%22deployment%22%2C%22sha%22%3A%2256978b7a836c83738a79a9d705811db0988cc034%22%2C%22repoName%22%3A%22ti5fradema%2Fdotnetbackend%22%2C%22actor%22%3A%22ti5fradema%22%2C%22slotName%22%3A%22Production%22%2C%22commitMessage%22%3A%22Merge%20branch%20%27main%27%20of%20https%3A%2F%2Fgithub.com%2Fti5fradema%2Fdotnetbackend%22%7D" method="POST" type="request" pid="820,1,39" Host="fradema-backend-api-crguetd0f7gth9e3.scm.brazilsouth-01.azurewebsites.net" User-Agent="GITHUBACTIONS_DeployWebAppToAzure_1b8b54719132ce29413f4e5fc2eb3c3506c904d155f96f70d2dfa14bcd382c80" Authorization="Bea..." Content-Type="application/octet-stream" Cookie="ARRAffinity=5a344463a661cb069c77718e17cbda0d74e5d2718efd75f81da553772423fb97;Path=/;HttpOnly;Secure;Domain=fradema-backend-api-crguetd0f7gth9e3.scm.brazilsouth-01.azurewebsites.net; ARRAffinitySameSite=5a344463a661cb069c77718e17cbda0d74e5d2718efd75f81da553772423fb97;Path=/;HttpOnly;SameSite=None;Secure;Domain=fradema-backend-api-crguetd0f7gth9e3.scm.brazilsouth-01.azurewebsites.net" Transfer-Encoding="chunked" X-ARR-LOG-ID="cf719ad2-ec3c-45a0-a66c-15aedee8df89" CLIENT-IP="20.109.38.115:10240" X-SITE-DEPLOYMENT-ID="fradema-backend-api" WAS-DEFAULT-HOSTNAME="fradema-backend-api-crguetd0f7gth9e3.scm.brazilsouth-01.azurewebsites.net" X-Forwarded-Proto="https" X-AppService-Proto="https" X-Forwarded-TlsVersion="1.3" X-WAWS-Unencoded-URL="/api/publish?async=true&amp;deployer=GITHUB_ONE_DEPLOY&amp;type=zip&amp;message=%7B%22type%22%3A%22deployment%22%2C%22sha%22%3A%2256978b7a836c83738a79a9d705811db0988cc034%22%2C%22repoName%22%3A%22ti5fradema%2Fdotnetbackend%22%2C%22actor%22%3A%22ti5fradema%22%2C%22slotName%22%3A%22Production%22%2C%22commitMessage%22%3A%22Merge%20branch%20%27main%27%20of%20https%3A%2F%2Fgithub.com%2Fti5fradema%2Fdotnetbackend%22%7D" X-Client-IP="20.109.38.115" X-Client-Port="10240" >
  <step title="OneDeploy" date="2025-07-24T01:16:45.451" >
    <step title="Starting PushDeployAsync" date="2025-07-24T01:16:45.454" /><!-- duration: 1ms -->
    <step title="Writing artifact to /tmp/zipdeploy/7e15574d-c5f1-4add-b967-b644f9ac164f.zip" date="2025-07-24T01:16:45.463" >
      <step title="Writing multipart request body to /tmp/zipdeploy/7e15574d-c5f1-4add-b967-b644f9ac164f.zip" date="2025-07-24T01:16:45.464" /><!-- duration: 1ms -->
    </step><!-- duration: 1855ms -->
    <step title="Start deployment in the background" date="2025-07-24T01:16:47.324" >
      <step title="Acquiring Deployment Lock" date="2025-07-24T01:16:47.341" /><!-- duration: 1ms -->
      <step title="Acquired Deployment Lock" date="2025-07-24T01:16:47.369" /><!-- duration: 1ms -->
    </step><!-- duration: 96ms -->
  </step><!-- duration: 1974ms -->
  <step title="Outgoing response" date="2025-07-24T01:16:47.426" type="response" statusCode="202" statusText="Accepted" /><!-- duration: 1ms -->
</step><!-- duration: 1992ms -->
