<step title="Incoming Request" date="2025-07-23T17:18:10.383" instance="5a3444" url="/api/publish?async=true&amp;deployer=GITHUB_ONE_DEPLOY&amp;type=zip&amp;message=%7B%22type%22%3A%22deployment%22%2C%22sha%22%3A%222664d2fe4788a33ca3e36366def68198f916cdc5%22%2C%22repoName%22%3A%22ti5fradema%2Fdotnetbackend%22%2C%22actor%22%3A%22ti5fradema%22%2C%22slotName%22%3A%22Production%22%2C%22commitMessage%22%3A%22Add%20or%20update%20the%20Azure%20App%20Service%20build%20and%20deployment%20workflow%20config%22%7D" method="POST" type="request" pid="820,1,15" Host="fradema-backend-api-crguetd0f7gth9e3.scm.brazilsouth-01.azurewebsites.net" User-Agent="GITHUBACTIONS_DeployWebAppToAzure_1b8b54719132ce29413f4e5fc2eb3c3506c904d155f96f70d2dfa14bcd382c80" Authorization="Bea..." Content-Type="application/octet-stream" Cookie="ARRAffinity=5a344463a661cb069c77718e17cbda0d74e5d2718efd75f81da553772423fb97;Path=/;HttpOnly;Secure;Domain=fradema-backend-api-crguetd0f7gth9e3.scm.brazilsouth-01.azurewebsites.net; ARRAffinitySameSite=5a344463a661cb069c77718e17cbda0d74e5d2718efd75f81da553772423fb97;Path=/;HttpOnly;SameSite=None;Secure;Domain=fradema-backend-api-crguetd0f7gth9e3.scm.brazilsouth-01.azurewebsites.net" Transfer-Encoding="chunked" X-ARR-LOG-ID="3734056c-5aa1-4b55-ab46-aa9202d14a9a" CLIENT-IP="20.42.20.127:41208" X-SITE-DEPLOYMENT-ID="fradema-backend-api" WAS-DEFAULT-HOSTNAME="fradema-backend-api-crguetd0f7gth9e3.scm.brazilsouth-01.azurewebsites.net" X-Forwarded-Proto="https" X-AppService-Proto="https" X-Forwarded-TlsVersion="1.3" X-WAWS-Unencoded-URL="/api/publish?async=true&amp;deployer=GITHUB_ONE_DEPLOY&amp;type=zip&amp;message=%7B%22type%22%3A%22deployment%22%2C%22sha%22%3A%222664d2fe4788a33ca3e36366def68198f916cdc5%22%2C%22repoName%22%3A%22ti5fradema%2Fdotnetbackend%22%2C%22actor%22%3A%22ti5fradema%22%2C%22slotName%22%3A%22Production%22%2C%22commitMessage%22%3A%22Add%20or%20update%20the%20Azure%20App%20Service%20build%20and%20deployment%20workflow%20config%22%7D" X-Client-IP="20.42.20.127" X-Client-Port="41208" >
  <step title="OneDeploy" date="2025-07-23T17:18:10.452" >
    <step title="None repository commit" date="2025-07-23T17:18:10.457" >
      <step title="Commit id: 626e29ae-40fe-4cec-a3f1-1e1dc157a292" date="2025-07-23T17:18:10.458" Message="N/A" AuthorName="N/A" AuthorEmail="N/A" /><!-- duration: 1ms -->
    </step><!-- duration: 3ms -->
    <step title="Starting PushDeployAsync" date="2025-07-23T17:18:10.462" /><!-- duration: 1ms -->
    <step title="Writing artifact to /tmp/zipdeploy/66df8791-aa72-4127-b99d-ddd4970849b7.zip" date="2025-07-23T17:18:10.470" >
      <step title="Writing multipart request body to /tmp/zipdeploy/66df8791-aa72-4127-b99d-ddd4970849b7.zip" date="2025-07-23T17:18:10.471" /><!-- duration: 1ms -->
    </step><!-- duration: 1679ms -->
    <step title="Start deployment in the background" date="2025-07-23T17:18:12.172" >
      <step title="Acquiring Deployment Lock" date="2025-07-23T17:18:12.199" /><!-- duration: 1ms -->
      <step title="Acquired Deployment Lock" date="2025-07-23T17:18:12.224" /><!-- duration: 1ms -->
    </step><!-- duration: 151ms -->
  </step><!-- duration: 1874ms -->
  <step title="Outgoing response" date="2025-07-23T17:18:12.330" type="response" statusCode="202" statusText="Accepted" /><!-- duration: 1ms -->
</step><!-- duration: 1950ms -->
