<step title="Incoming Request" date="2025-07-24T19:21:40.823" instance="5a3444" url="/api/publish?async=true&amp;deployer=GITHUB_ONE_DEPLOY&amp;type=zip&amp;message=%7B%22type%22%3A%22deployment%22%2C%22sha%22%3A%22a9d076f13fda2965b17588c42795ddda5ab5726f%22%2C%22repoName%22%3A%22ti5fradema%2Fdotnetbackend%22%2C%22actor%22%3A%22ti5fradema%22%2C%22slotName%22%3A%22Production%22%2C%22commitMessage%22%3A%22ajuste%20final%20Cors%22%7D" method="POST" type="request" pid="821,1,86" Host="fradema-backend-api-crguetd0f7gth9e3.scm.brazilsouth-01.azurewebsites.net" User-Agent="GITHUBACTIONS_DeployWebAppToAzure_1b8b54719132ce29413f4e5fc2eb3c3506c904d155f96f70d2dfa14bcd382c80" Authorization="Bea..." Content-Type="application/octet-stream" Cookie="ARRAffinity=5a344463a661cb069c77718e17cbda0d74e5d2718efd75f81da553772423fb97;Path=/;HttpOnly;Secure;Domain=fradema-backend-api-crguetd0f7gth9e3.scm.brazilsouth-01.azurewebsites.net; ARRAffinitySameSite=5a344463a661cb069c77718e17cbda0d74e5d2718efd75f81da553772423fb97;Path=/;HttpOnly;SameSite=None;Secure;Domain=fradema-backend-api-crguetd0f7gth9e3.scm.brazilsouth-01.azurewebsites.net" Transfer-Encoding="chunked" X-ARR-LOG-ID="eae0244d-4379-4575-bd66-b0a9389865f4" CLIENT-IP="64.236.135.116:64544" X-SITE-DEPLOYMENT-ID="fradema-backend-api" WAS-DEFAULT-HOSTNAME="fradema-backend-api-crguetd0f7gth9e3.scm.brazilsouth-01.azurewebsites.net" X-Forwarded-Proto="https" X-AppService-Proto="https" X-Forwarded-TlsVersion="1.3" X-WAWS-Unencoded-URL="/api/publish?async=true&amp;deployer=GITHUB_ONE_DEPLOY&amp;type=zip&amp;message=%7B%22type%22%3A%22deployment%22%2C%22sha%22%3A%22a9d076f13fda2965b17588c42795ddda5ab5726f%22%2C%22repoName%22%3A%22ti5fradema%2Fdotnetbackend%22%2C%22actor%22%3A%22ti5fradema%22%2C%22slotName%22%3A%22Production%22%2C%22commitMessage%22%3A%22ajuste%20final%20Cors%22%7D" X-Client-IP="64.236.135.116" X-Client-Port="64544" >
  <step title="OneDeploy" date="2025-07-24T19:21:40.827" >
    <step title="Starting PushDeployAsync" date="2025-07-24T19:21:40.832" /><!-- duration: 1ms -->
    <step title="Writing artifact to /tmp/zipdeploy/7592963d-44d1-496e-9426-5e350aa32869.zip" date="2025-07-24T19:21:40.835" >
      <step title="Writing multipart request body to /tmp/zipdeploy/7592963d-44d1-496e-9426-5e350aa32869.zip" date="2025-07-24T19:21:40.836" /><!-- duration: 1ms -->
    </step><!-- duration: 2061ms -->
    <step title="Start deployment in the background" date="2025-07-24T19:21:42.912" >
      <step title="Acquiring Deployment Lock" date="2025-07-24T19:21:42.921" /><!-- duration: 1ms -->
      <step title="Acquired Deployment Lock" date="2025-07-24T19:21:42.944" /><!-- duration: 2ms -->
    </step><!-- duration: 89ms -->
  </step><!-- duration: 2176ms -->
  <step title="Outgoing response" date="2025-07-24T19:21:43.005" type="response" statusCode="202" statusText="Accepted" /><!-- duration: 1ms -->
</step><!-- duration: 2185ms -->
