<step title="Incoming Request" date="2025-08-03T01:54:39.647" instance="5a3444" url="/api/publish?async=true&amp;deployer=GITHUB_ONE_DEPLOY&amp;type=zip&amp;message=%7B%22type%22%3A%22deployment%22%2C%22sha%22%3A%22e696210c6b405c745dbf5cb6436bcb6858990106%22%2C%22repoName%22%3A%22ti5fradema%2Fdotnetbackend%22%2C%22actor%22%3A%22ti5fradema%22%2C%22slotName%22%3A%22Production%22%2C%22commitMessage%22%3A%22lastChanges%22%7D" method="POST" type="request" pid="820,1,53" Host="fradema-backend-api-crguetd0f7gth9e3.scm.brazilsouth-01.azurewebsites.net" User-Agent="GITHUBACTIONS_DeployWebAppToAzure_1b8b54719132ce29413f4e5fc2eb3c3506c904d155f96f70d2dfa14bcd382c80" Authorization="Bea..." Content-Type="application/octet-stream" Cookie="ARRAffinity=5a344463a661cb069c77718e17cbda0d74e5d2718efd75f81da553772423fb97;Path=/;HttpOnly;Secure;Domain=fradema-backend-api-crguetd0f7gth9e3.scm.brazilsouth-01.azurewebsites.net; ARRAffinitySameSite=5a344463a661cb069c77718e17cbda0d74e5d2718efd75f81da553772423fb97;Path=/;HttpOnly;SameSite=None;Secure;Domain=fradema-backend-api-crguetd0f7gth9e3.scm.brazilsouth-01.azurewebsites.net" Transfer-Encoding="chunked" X-ARR-LOG-ID="74560976-2165-4c88-8bf0-c65270920c58" CLIENT-IP="64.236.141.195:6144" X-SITE-DEPLOYMENT-ID="fradema-backend-api" WAS-DEFAULT-HOSTNAME="fradema-backend-api-crguetd0f7gth9e3.scm.brazilsouth-01.azurewebsites.net" X-Forwarded-Proto="https" X-AppService-Proto="https" X-Forwarded-TlsVersion="1.3" X-WAWS-Unencoded-URL="/api/publish?async=true&amp;deployer=GITHUB_ONE_DEPLOY&amp;type=zip&amp;message=%7B%22type%22%3A%22deployment%22%2C%22sha%22%3A%22e696210c6b405c745dbf5cb6436bcb6858990106%22%2C%22repoName%22%3A%22ti5fradema%2Fdotnetbackend%22%2C%22actor%22%3A%22ti5fradema%22%2C%22slotName%22%3A%22Production%22%2C%22commitMessage%22%3A%22lastChanges%22%7D" X-Client-IP="64.236.141.195" X-Client-Port="6144" >
  <step title="OneDeploy" date="2025-08-03T01:54:39.751" >
    <step title="None repository commit" date="2025-08-03T01:54:39.767" >
      <step title="Commit id: 09a13bb1-6ce6-417a-81d3-32ce64fc8aca" date="2025-08-03T01:54:39.769" Message="N/A" AuthorName="N/A" AuthorEmail="N/A" /><!-- duration: 3ms -->
    </step><!-- duration: 7ms -->
    <step title="Starting PushDeployAsync" date="2025-08-03T01:54:39.778" /><!-- duration: 4ms -->
    <step title="Writing artifact to /tmp/zipdeploy/e0bbf149-85e6-4b16-b5a7-b2c60247bf87.zip" date="2025-08-03T01:54:39.983" >
      <step title="Writing multipart request body to /tmp/zipdeploy/e0bbf149-85e6-4b16-b5a7-b2c60247bf87.zip" date="2025-08-03T01:54:39.985" /><!-- duration: 2ms -->
    </step><!-- duration: 1703ms -->
    <step title="Start deployment in the background" date="2025-08-03T01:54:41.707" >
      <step title="Acquiring Deployment Lock" date="2025-08-03T01:54:41.735" /><!-- duration: 3ms -->
      <step title="Acquired Deployment Lock" date="2025-08-03T01:54:41.773" /><!-- duration: 4ms -->
    </step><!-- duration: 173ms -->
  </step><!-- duration: 2134ms -->
  <step title="Outgoing response" date="2025-08-03T01:54:41.891" type="response" statusCode="202" statusText="Accepted" /><!-- duration: 2ms -->
</step><!-- duration: 2248ms -->
