<step title="BackgroundTrace" date="2025-07-24T19:21:42.913" instance="5a3444" url="/api/publish" method="POST" >
  <step title="Cleanup Xml Logs" date="2025-07-24T19:21:42.915" /><!-- duration: 3ms -->
  <step title="Creating temporary deployment - FetchDeploymentManager" date="2025-07-24T19:21:42.948" /><!-- duration: 1ms -->
  <step title="Creating temporary deployment" date="2025-07-24T19:21:42.950" /><!-- duration: 49ms -->
  <step title="Performing fetch based deployment" date="2025-07-24T19:21:43.017" >
    <step title="Cleaning up temp folders from previous zip deployments and extracting pushed zip file /tmp/zipdeploy/7592963d-44d1-496e-9426-5e350aa32869.zip (34.52 MB) to /tmp/zipdeploy/extracted" date="2025-07-24T19:21:44.128" >
      <step title="ChmodRecursive Process exited with total time taken in ms: 19" date="2025-07-24T19:21:44.636" /><!-- duration: 1ms -->
    </step><!-- duration: 511ms -->
    <step title="Deployment timer started" date="2025-07-24T19:21:46.649" >
      <step title="DeploymentManager.Deploy(id:78295435-f88d-4983-8a45-5a42fb2c3104)" date="2025-07-24T19:21:46.653" >
        <step title="Collecting changeset information" date="2025-07-24T19:21:46.665" /><!-- duration: 99ms -->
        <step title="Updating submodules" date="2025-07-24T19:21:46.767" /><!-- duration: 1084ms -->
        <step title="Determining deployment builder" date="2025-07-24T19:21:48.020" >
          <step title="Builder is OneDeployBuilder" date="2025-07-24T19:21:48.032" /><!-- duration: 1ms -->
        </step><!-- duration: 16ms -->
        <step title="PreDeployment: context.CleanOutputPath False" date="2025-07-24T19:21:48.078" >
          <step title="PreDeployment: context.OutputPath /home/site/wwwroot" date="2025-07-24T19:21:48.170" >
            <step title="Building" date="2025-07-24T19:21:48.296" >
              <step title="Executing external process" date="2025-07-24T19:21:48.653" type="process" path="starter.sh" arguments="/opt/Kudu/Scripts/parallel_rsync.sh /tmp/zipdeploy/extracted /home/site/wwwroot 8 /tmp/ False False  " /><!-- duration: 6606ms -->
              <step title="Modified file to trigger a restart of the app container." date="2025-07-24T19:21:55.539" /><!-- duration: 1ms -->
              <step title="Skip function trigger and logicapp sync because function is not enabled." date="2025-07-24T19:21:55.542" /><!-- duration: 1ms -->
              <step title="Purge deployment items" date="2025-07-24T19:21:56.916" >
                <step title="Remove 4c1837a7-, Success, received at 07/24/2025 03:23:34" date="2025-07-24T19:21:56.988" /><!-- duration: 1ms -->
              </step><!-- duration: 75ms -->
            </step><!-- duration: 8757ms -->
          </step><!-- duration: 8885ms -->
          <step title="Cleaning up temp files" date="2025-07-24T19:21:57.056" /><!-- duration: 1ms -->
          <step title="Cleaning up temp files" date="2025-07-24T19:21:57.067" /><!-- duration: 502ms -->
          <step title="Reloading status file with latest updates" date="2025-07-24T19:21:57.603" >
            <step title="WebHooksManager.PublishEventAsync: PostDeployment" date="2025-07-24T19:21:57.604" /><!-- duration: 26ms -->
          </step><!-- duration: 30ms -->
          <step title="Cleaning up temporary deployment - fetch deployment was successful" date="2025-07-24T19:21:57.636" /><!-- duration: 2ms -->
        </step><!-- duration: 9637ms -->
      </step><!-- duration: 11072ms -->
