<step title="BackgroundTrace" date="2025-07-24T01:16:47.326" instance="5a3444" url="/api/publish" method="POST" >
  <step title="Cleanup Xml Logs" date="2025-07-24T01:16:47.327" /><!-- duration: 3ms -->
  <step title="Creating temporary deployment - FetchDeploymentManager" date="2025-07-24T01:16:47.372" /><!-- duration: 1ms -->
  <step title="Creating temporary deployment" date="2025-07-24T01:16:47.374" /><!-- duration: 44ms -->
  <step title="Performing fetch based deployment" date="2025-07-24T01:16:47.437" >
    <step title="Cleaning up temp folders from previous zip deployments and extracting pushed zip file /tmp/zipdeploy/7e15574d-c5f1-4add-b967-b644f9ac164f.zip (34.31 MB) to /tmp/zipdeploy/extracted" date="2025-07-24T01:16:48.686" >
      <step title="ChmodRecursive Process exited with total time taken in ms: 39" date="2025-07-24T01:16:49.260" /><!-- duration: 2ms -->
    </step><!-- duration: 577ms -->
    <step title="Deployment timer started" date="2025-07-24T01:16:51.273" >
      <step title="DeploymentManager.Deploy(id:3af4374e-39e0-41e8-b12e-b7f52eb8c264)" date="2025-07-24T01:16:51.276" >
        <step title="Collecting changeset information" date="2025-07-24T01:16:51.296" /><!-- duration: 73ms -->
        <step title="Updating submodules" date="2025-07-24T01:16:51.372" /><!-- duration: 1092ms -->
        <step title="Determining deployment builder" date="2025-07-24T01:16:52.645" >
          <step title="Builder is OneDeployBuilder" date="2025-07-24T01:16:52.656" /><!-- duration: 1ms -->
        </step><!-- duration: 14ms -->
        <step title="PreDeployment: context.CleanOutputPath False" date="2025-07-24T01:16:52.706" >
          <step title="PreDeployment: context.OutputPath /home/site/wwwroot" date="2025-07-24T01:16:52.797" >
            <step title="Building" date="2025-07-24T01:16:53.040" >
              <step title="Executing external process" date="2025-07-24T01:16:53.450" type="process" path="starter.sh" arguments="/opt/Kudu/Scripts/parallel_rsync.sh /tmp/zipdeploy/extracted /home/site/wwwroot 8 /tmp/ False False  " /><!-- duration: 6549ms -->
              <step title="Modified file to trigger a restart of the app container." date="2025-07-24T01:17:00.393" /><!-- duration: 2ms -->
              <step title="Skip function trigger and logicapp sync because function is not enabled." date="2025-07-24T01:17:00.396" /><!-- duration: 1ms -->
            </step><!-- duration: 8011ms -->
          </step><!-- duration: 8265ms -->
          <step title="Cleaning up temp files" date="2025-07-24T01:17:01.063" /><!-- duration: 2ms -->
          <step title="Cleaning up temp files" date="2025-07-24T01:17:01.075" /><!-- duration: 503ms -->
          <step title="Reloading status file with latest updates" date="2025-07-24T01:17:01.620" >
            <step title="WebHooksManager.PublishEventAsync: PostDeployment" date="2025-07-24T01:17:01.623" /><!-- duration: 25ms -->
          </step><!-- duration: 30ms -->
          <step title="Cleaning up temporary deployment - fetch deployment was successful" date="2025-07-24T01:17:01.653" /><!-- duration: 1ms -->
        </step><!-- duration: 9039ms -->
      </step><!-- duration: 10474ms -->
