<step title="Incoming Request" date="2025-07-28T17:31:00.007" instance="5a3444" url="/api/publish?async=true&amp;deployer=GITHUB_ONE_DEPLOY&amp;type=zip&amp;message=%7B%22type%22%3A%22deployment%22%2C%22sha%22%3A%22f07b0a46e028fc5a12d5290e1fa97e395af55b16%22%2C%22repoName%22%3A%22ti5fradema%2Fdotnetbackend%22%2C%22actor%22%3A%22ti5fradema%22%2C%22slotName%22%3A%22Production%22%2C%22commitMessage%22%3A%22deploy%20cervel%20novo%22%7D" method="POST" type="request" pid="821,1,78" Host="fradema-backend-api-crguetd0f7gth9e3.scm.brazilsouth-01.azurewebsites.net" User-Agent="GITHUBACTIONS_DeployWebAppToAzure_1b8b54719132ce29413f4e5fc2eb3c3506c904d155f96f70d2dfa14bcd382c80" Authorization="Bea..." Content-Type="application/octet-stream" Cookie="ARRAffinity=5a344463a661cb069c77718e17cbda0d74e5d2718efd75f81da553772423fb97;Path=/;HttpOnly;Secure;Domain=fradema-backend-api-crguetd0f7gth9e3.scm.brazilsouth-01.azurewebsites.net; ARRAffinitySameSite=5a344463a661cb069c77718e17cbda0d74e5d2718efd75f81da553772423fb97;Path=/;HttpOnly;SameSite=None;Secure;Domain=fradema-backend-api-crguetd0f7gth9e3.scm.brazilsouth-01.azurewebsites.net" Transfer-Encoding="chunked" X-ARR-LOG-ID="25cc67cc-4ecc-4be2-873b-8c959bef68a7" CLIENT-IP="48.214.53.112:50176" X-SITE-DEPLOYMENT-ID="fradema-backend-api" WAS-DEFAULT-HOSTNAME="fradema-backend-api-crguetd0f7gth9e3.scm.brazilsouth-01.azurewebsites.net" X-Forwarded-Proto="https" X-AppService-Proto="https" X-Forwarded-TlsVersion="1.3" X-WAWS-Unencoded-URL="/api/publish?async=true&amp;deployer=GITHUB_ONE_DEPLOY&amp;type=zip&amp;message=%7B%22type%22%3A%22deployment%22%2C%22sha%22%3A%22f07b0a46e028fc5a12d5290e1fa97e395af55b16%22%2C%22repoName%22%3A%22ti5fradema%2Fdotnetbackend%22%2C%22actor%22%3A%22ti5fradema%22%2C%22slotName%22%3A%22Production%22%2C%22commitMessage%22%3A%22deploy%20cervel%20novo%22%7D" X-Client-IP="48.214.53.112" X-Client-Port="50176" >
  <step title="OneDeploy" date="2025-07-28T17:31:00.054" >
    <step title="Starting PushDeployAsync" date="2025-07-28T17:31:00.058" /><!-- duration: 2ms -->
    <step title="Writing artifact to /tmp/zipdeploy/4805cc60-8942-4b4c-9d33-d7155f5b282e.zip" date="2025-07-28T17:31:00.062" >
      <step title="Writing multipart request body to /tmp/zipdeploy/4805cc60-8942-4b4c-9d33-d7155f5b282e.zip" date="2025-07-28T17:31:00.067" /><!-- duration: 8ms -->
    </step><!-- duration: 1808ms -->
    <step title="Start deployment in the background" date="2025-07-28T17:31:01.879" >
      <step title="Acquiring Deployment Lock" date="2025-07-28T17:31:01.888" /><!-- duration: 1ms -->
      <step title="Acquired Deployment Lock" date="2025-07-28T17:31:01.915" /><!-- duration: 1ms -->
    </step><!-- duration: 173ms -->
  </step><!-- duration: 2009ms -->
  <step title="Outgoing response" date="2025-07-28T17:31:02.064" type="response" statusCode="202" statusText="Accepted" /><!-- duration: 3ms -->
</step><!-- duration: 2062ms -->
