<step title="Incoming Request" date="2025-07-24T16:18:29.526" instance="5a3444" url="/api/publish?async=true&amp;deployer=GITHUB_ONE_DEPLOY&amp;type=zip&amp;message=%7B%22type%22%3A%22deployment%22%2C%22sha%22%3A%2209aaa94604f6231a3ac32e6971ffbd0aa96f4b5f%22%2C%22repoName%22%3A%22ti5fradema%2Fdotnetbackend%22%2C%22actor%22%3A%22ti5fradema%22%2C%22slotName%22%3A%22Production%22%2C%22commitMessage%22%3A%22appsettings%22%7D" method="POST" type="request" pid="821,1,84" Host="fradema-backend-api-crguetd0f7gth9e3.scm.brazilsouth-01.azurewebsites.net" User-Agent="GITHUBACTIONS_DeployWebAppToAzure_1b8b54719132ce29413f4e5fc2eb3c3506c904d155f96f70d2dfa14bcd382c80" Authorization="Bea..." Content-Type="application/octet-stream" Cookie="ARRAffinity=5a344463a661cb069c77718e17cbda0d74e5d2718efd75f81da553772423fb97;Path=/;HttpOnly;Secure;Domain=fradema-backend-api-crguetd0f7gth9e3.scm.brazilsouth-01.azurewebsites.net; ARRAffinitySameSite=5a344463a661cb069c77718e17cbda0d74e5d2718efd75f81da553772423fb97;Path=/;HttpOnly;SameSite=None;Secure;Domain=fradema-backend-api-crguetd0f7gth9e3.scm.brazilsouth-01.azurewebsites.net" Transfer-Encoding="chunked" X-ARR-LOG-ID="9ed0c9e3-45f8-48cf-b536-b9c99950d4d1" CLIENT-IP="20.102.47.194:10248" X-SITE-DEPLOYMENT-ID="fradema-backend-api" WAS-DEFAULT-HOSTNAME="fradema-backend-api-crguetd0f7gth9e3.scm.brazilsouth-01.azurewebsites.net" X-Forwarded-Proto="https" X-AppService-Proto="https" X-Forwarded-TlsVersion="1.3" X-WAWS-Unencoded-URL="/api/publish?async=true&amp;deployer=GITHUB_ONE_DEPLOY&amp;type=zip&amp;message=%7B%22type%22%3A%22deployment%22%2C%22sha%22%3A%2209aaa94604f6231a3ac32e6971ffbd0aa96f4b5f%22%2C%22repoName%22%3A%22ti5fradema%2Fdotnetbackend%22%2C%22actor%22%3A%22ti5fradema%22%2C%22slotName%22%3A%22Production%22%2C%22commitMessage%22%3A%22appsettings%22%7D" X-Client-IP="20.102.47.194" X-Client-Port="10248" >
  <step title="OneDeploy" date="2025-07-24T16:18:29.534" >
    <step title="Starting PushDeployAsync" date="2025-07-24T16:18:29.536" /><!-- duration: 1ms -->
    <step title="Writing artifact to /tmp/zipdeploy/3719afec-c2ed-43dd-bc80-62550fe62138.zip" date="2025-07-24T16:18:29.544" >
      <step title="Writing multipart request body to /tmp/zipdeploy/3719afec-c2ed-43dd-bc80-62550fe62138.zip" date="2025-07-24T16:18:29.548" /><!-- duration: 6ms -->
    </step><!-- duration: 1799ms -->
    <step title="Start deployment in the background" date="2025-07-24T16:18:31.349" >
      <step title="Acquiring Deployment Lock" date="2025-07-24T16:18:31.361" /><!-- duration: 1ms -->
      <step title="Acquired Deployment Lock" date="2025-07-24T16:18:31.390" /><!-- duration: 6ms -->
    </step><!-- duration: 121ms -->
  </step><!-- duration: 1938ms -->
  <step title="Outgoing response" date="2025-07-24T16:18:31.473" type="response" statusCode="202" statusText="Accepted" /><!-- duration: 2ms -->
</step><!-- duration: 1951ms -->
