<step title="Incoming Request" date="2025-07-24T19:07:33.202" instance="5a3444" url="/api/publish?async=true&amp;deployer=GITHUB_ONE_DEPLOY&amp;type=zip&amp;message=%7B%22type%22%3A%22deployment%22%2C%22sha%22%3A%229fb0bbbaaa391d8e7e89f4a46239aab587af9ed8%22%2C%22repoName%22%3A%22ti5fradema%2Fdotnetbackend%22%2C%22actor%22%3A%22ti5fradema%22%2C%22slotName%22%3A%22Production%22%2C%22commitMessage%22%3A%22camel%20case%22%7D" method="POST" type="request" pid="821,1,39" Host="fradema-backend-api-crguetd0f7gth9e3.scm.brazilsouth-01.azurewebsites.net" User-Agent="GITHUBACTIONS_DeployWebAppToAzure_1b8b54719132ce29413f4e5fc2eb3c3506c904d155f96f70d2dfa14bcd382c80" Authorization="Bea..." Content-Type="application/octet-stream" Cookie="ARRAffinity=5a344463a661cb069c77718e17cbda0d74e5d2718efd75f81da553772423fb97;Path=/;HttpOnly;Secure;Domain=fradema-backend-api-crguetd0f7gth9e3.scm.brazilsouth-01.azurewebsites.net; ARRAffinitySameSite=5a344463a661cb069c77718e17cbda0d74e5d2718efd75f81da553772423fb97;Path=/;HttpOnly;SameSite=None;Secure;Domain=fradema-backend-api-crguetd0f7gth9e3.scm.brazilsouth-01.azurewebsites.net" Transfer-Encoding="chunked" X-ARR-LOG-ID="ea1112c6-5b8f-419d-bd8c-fb2abbad0027" CLIENT-IP="172.172.87.197:22528" X-SITE-DEPLOYMENT-ID="fradema-backend-api" WAS-DEFAULT-HOSTNAME="fradema-backend-api-crguetd0f7gth9e3.scm.brazilsouth-01.azurewebsites.net" X-Forwarded-Proto="https" X-AppService-Proto="https" X-Forwarded-TlsVersion="1.3" X-WAWS-Unencoded-URL="/api/publish?async=true&amp;deployer=GITHUB_ONE_DEPLOY&amp;type=zip&amp;message=%7B%22type%22%3A%22deployment%22%2C%22sha%22%3A%229fb0bbbaaa391d8e7e89f4a46239aab587af9ed8%22%2C%22repoName%22%3A%22ti5fradema%2Fdotnetbackend%22%2C%22actor%22%3A%22ti5fradema%22%2C%22slotName%22%3A%22Production%22%2C%22commitMessage%22%3A%22camel%20case%22%7D" X-Client-IP="172.172.87.197" X-Client-Port="22528" >
  <step title="OneDeploy" date="2025-07-24T19:07:33.206" >
    <step title="Starting PushDeployAsync" date="2025-07-24T19:07:33.210" /><!-- duration: 1ms -->
    <step title="Writing artifact to /tmp/zipdeploy/3daec504-dd2c-4071-a807-69b67e0cf3af.zip" date="2025-07-24T19:07:33.218" >
      <step title="Writing multipart request body to /tmp/zipdeploy/3daec504-dd2c-4071-a807-69b67e0cf3af.zip" date="2025-07-24T19:07:33.221" /><!-- duration: 6ms -->
    </step><!-- duration: 1730ms -->
    <step title="Start deployment in the background" date="2025-07-24T19:07:34.955" >
      <step title="Acquiring Deployment Lock" date="2025-07-24T19:07:34.970" /><!-- duration: 1ms -->
      <step title="Acquired Deployment Lock" date="2025-07-24T19:07:34.992" /><!-- duration: 1ms -->
    </step><!-- duration: 207ms -->
  </step><!-- duration: 1957ms -->
  <step title="Outgoing response" date="2025-07-24T19:07:35.165" type="response" statusCode="202" statusText="Accepted" /><!-- duration: 2ms -->
</step><!-- duration: 1966ms -->
