﻿<?xml version="1.0" encoding="utf-8"?>
<deployment>
  <id>78295435-f88d-4983-8a45-5a42fb2c3104</id>
  <author>N/A</author>
  <deployer>OneDeploy</deployer>
  <authorEmail>N/A</authorEmail>
  <message>OneDeploy</message>
  <progress></progress>
  <status>Success</status>
  <statusText></statusText>
  <lastSuccessEndTime>2025-07-24T19:21:55.8597398Z</lastSuccessEndTime>
  <receivedTime>2025-07-24T19:21:46.6934114Z</receivedTime>
  <startTime>2025-07-24T19:21:47.9662348Z</startTime>
  <endTime>2025-07-24T19:21:55.8597398Z</endTime>
  <complete>True</complete>
  <is_temp>False</is_temp>
  <is_readonly>True</is_readonly>
  <buildSummary />
</deployment>