﻿<?xml version="1.0" encoding="utf-8"?>
<deployment>
  <id>9e6227b6-4fcd-4d7c-bccf-8e41088804a1</id>
  <author>N/A</author>
  <deployer>OneDeploy</deployer>
  <authorEmail>N/A</authorEmail>
  <message>OneDeploy</message>
  <progress></progress>
  <status>Success</status>
  <statusText></statusText>
  <lastSuccessEndTime>2025-07-28T17:31:14.4497827Z</lastSuccessEndTime>
  <receivedTime>2025-07-28T17:31:05.7821182Z</receivedTime>
  <startTime>2025-07-28T17:31:07.0698194Z</startTime>
  <endTime>2025-07-28T17:31:14.4497827Z</endTime>
  <complete>True</complete>
  <is_temp>False</is_temp>
  <is_readonly>True</is_readonly>
  <buildSummary />
</deployment>