﻿<?xml version="1.0" encoding="utf-8"?>
<deployment>
  <id>d3179b49-3c1a-4782-b82b-030076b185c2</id>
  <author>N/A</author>
  <deployer>OneDeploy</deployer>
  <authorEmail>N/A</authorEmail>
  <message>OneDeploy</message>
  <progress></progress>
  <status>Success</status>
  <statusText></statusText>
  <lastSuccessEndTime>2025-07-25T16:50:03.0447953Z</lastSuccessEndTime>
  <receivedTime>2025-07-25T16:49:55.6146345Z</receivedTime>
  <startTime>2025-07-25T16:49:56.8921022Z</startTime>
  <endTime>2025-07-25T16:50:03.0447953Z</endTime>
  <complete>True</complete>
  <is_temp>False</is_temp>
  <is_readonly>True</is_readonly>
  <buildSummary />
</deployment>