﻿<?xml version="1.0" encoding="utf-8"?>
<deployment>
  <id>09a13bb1-6ce6-417a-81d3-32ce64fc8aca</id>
  <author>N/A</author>
  <deployer>OneDeploy</deployer>
  <authorEmail>N/A</authorEmail>
  <message>OneDeploy</message>
  <progress></progress>
  <status>Success</status>
  <statusText></statusText>
  <lastSuccessEndTime>2025-08-03T01:54:56.998095Z</lastSuccessEndTime>
  <receivedTime>2025-08-03T01:54:45.904081Z</receivedTime>
  <startTime>2025-08-03T01:54:47.2583744Z</startTime>
  <endTime>2025-08-03T01:54:56.998095Z</endTime>
  <complete>True</complete>
  <is_temp>False</is_temp>
  <is_readonly>True</is_readonly>
  <buildSummary />
</deployment>