﻿<?xml version="1.0" encoding="utf-8"?>
<deployment>
  <id>ed1036e3-7b42-41fc-94e2-9e5dc6f74a61</id>
  <author>N/A</author>
  <deployer>OneDeploy</deployer>
  <authorEmail>N/A</authorEmail>
  <message>OneDeploy</message>
  <progress></progress>
  <status>Success</status>
  <statusText></statusText>
  <lastSuccessEndTime>2025-07-24T16:45:28.33105Z</lastSuccessEndTime>
  <receivedTime>2025-07-24T16:45:20.6146639Z</receivedTime>
  <startTime>2025-07-24T16:45:21.8896444Z</startTime>
  <endTime>2025-07-24T16:45:28.33105Z</endTime>
  <complete>True</complete>
  <is_temp>False</is_temp>
  <is_readonly>True</is_readonly>
  <buildSummary />
</deployment>